v1,Clique_v1,ICI_v1,SHAP_v1,LIME_v1,z2
-0.6169610992422154,0.2,0.52,-0.21072040355957466,-0.5043854511805462,False
0.24421754207966373,0.4799999999999999,0.4000038911805146,0.42293308988354433,0.49943223650568397,True
-0.12454452198577104,0.5199999999999999,0.43999999999989703,-0.4305807954814027,-0.4634190846182513,True
0.5707171674275384,0.4799999999999999,0.43990947064048763,0.42353219877923737,0.4543476372363819,True
0.559951616237607,0.0,0.5199998903240675,0.17658167221142704,0.48228039003018613,False
-0.45481478943471676,0.5199999999999999,0.44,-0.43123838778947576,-0.47088879528814886,True
-0.4470714897138066,0.5199999999999999,0.36,-0.4307395381995933,-0.48134476327335696,True
0.6037443550700385,0.4799999999999999,0.4400000000023115,0.4243776305419519,0.49921787921505906,True
0.9162787073674103,0.4799999999999999,0.3599917019899535,0.42229818481754694,0.495780965204732,True
0.7518652694841894,0.4799999999999999,0.3598306259258226,0.4222455598899499,0.4776505023118199,True
-0.28436546008426666,0.08,0.6,-0.17645475333665647,-0.4645569060806843,False
0.001990251046917413,0.0,0.3747215061885724,0.401649541076731,-0.4497904360551716,True
0.3669258703442726,0.4799999999999999,0.2800204072665728,0.42235268232484513,0.48727756980835746,True
0.4254040539658004,0.4799999999999999,0.32002639814372713,0.4248728994796277,0.4941190584510986,True
-0.25949849041921014,0.5199999999999999,0.4,-0.4313076552509921,-0.4814281761404775,True
0.12239237213124987,0.4799999999999999,0.47989576888210445,0.4237389324099714,0.49320694922938796,True
0.006166330615619442,0.64,0.18995573924472514,0.21624348405178723,-0.4531587663047821,True
-0.9724631008186355,0.5199999999999999,0.56,-0.43056860014022713,-0.5379385192141232,True
0.5456532432247481,0.4799999999999999,0.27921560562650793,0.4225088330198216,0.49431501103583253,True
0.7652823812722331,0.4799999999999999,0.200000009316315,0.423103264939031,0.48592948072365555,True
-0.27022803219725544,0.5199999999999999,0.32,-0.43125598156619815,-0.4907042455609085,True
0.2307923568669874,0.4799999999999999,0.31993797700524423,0.4226591363125757,0.48661948626333973,True
-0.8492375167140469,0.5199999999999999,0.28,-0.431301870596957,-0.5221121634129523,True
-0.262351987996051,0.0,0.36,-0.17542351660995373,-0.4688181522513441,False
0.8662802039650432,0.0,0.40000000208564496,0.1749047577194894,0.47948672424939454,False
0.3027562864531548,0.4799999999999999,0.27985453039690983,0.42273187274507223,0.523845366418447,True
-0.2055948445476916,0.5199999999999999,0.44,-0.4303753811490692,-0.48201607471411295,True
0.577460285881491,0.4799999999999999,0.3599997015730534,0.4220501076757543,0.4982970882350307,True
-0.3663277556622575,0.5199999999999999,0.24,-0.4311240778940078,-0.48448660453649545,True
0.13619730525213836,0.4799999999999999,0.3199038114104604,0.4243700119349762,0.5082718304087718,True
0.7382547791224516,0.4799999999999999,0.09727670983452363,0.4237651440370679,0.5099432666076418,True
-0.12765315220864126,0.5199999999999999,0.3599999999998225,-0.43062036792980185,-0.478681325669929,True
0.6042952841603182,0.4799999999999999,0.3200000015320068,0.422303953424508,0.5044831016174731,True
-0.7124663509708709,0.5199999999999999,0.36,-0.4309951621376965,-0.5175354504854996,True
0.4085219422366708,0.4799999999999999,0.4002000434763668,0.42189534893405667,0.4991136405645394,True
0.4091626163791451,0.4799999999999999,0.36023816531331126,0.4220948962420835,0.49676645977753214,True
-0.5624157886518228,0.5199999999999999,0.44,-0.43109492595616716,-0.5339336959791298,True
0.8497352572311301,0.4799999999999999,0.44006153497444805,0.4221702144459733,0.4750060049092459,True
-0.11571848919164673,0.5199999999999999,0.279999999995858,-0.43055008860320715,-0.46921437050664705,True
0.818631917944945,0.4799999999999999,0.2000000004562987,0.4231950631680008,0.47037903949635856,True
-0.8803815544402962,0.43999999999999995,0.28,-0.32476899835343126,-0.49825770558083354,False
-0.6314258323723727,0.0,0.32,-0.17638852558379317,-0.49676205133885526,False
-0.9052894423969697,0.0,0.4,-0.17632448503546458,-0.49395015384746194,False
0.3497618871646604,0.0,0.3600000032963489,0.17722143195777418,0.4866626815325385,False
0.1892495598688977,-0.8800000000000002,0.35220006241986823,0.18151343310386364,0.5170462355611699,False
0.06662032599750112,0.4799999999999999,0.39998932896801537,0.42571564228041975,0.5066724431293872,True
-0.913351874610393,0.0,0.44,-0.1756147395103064,-0.5020158815130005,False
0.12286616012679574,0.0,0.40002467339195485,0.1789480584311953,0.5048210331002198,False
-0.34066310875816996,0.4799999999999999,0.52,-0.1837463531707431,-0.4558567790629759,False
0.005933666225236722,-0.5199999999999999,0.35947588865337304,0.4066209519608488,-0.45936323307070986,True
-0.7762113648511924,0.5199999999999999,0.4,-0.43056619825464676,-0.5039528259113011,True
0.21438741243696913,0.04,0.3603174915514668,0.1797853227847941,0.48759493849291524,False
0.13188928610106276,0.0,0.23144288879438552,0.1805124569694334,0.4795584041938176,False
-0.9864718760199944,0.5199999999999999,0.52,-0.4308572170186824,-0.5034866936263379,True
0.2348834176085941,0.4799999999999999,0.5979407315359717,0.4226050222324498,0.48927298148751125,True
0.8242457728663086,0.4799999999999999,0.3999870261485236,0.4223039974047442,0.5241337929354902,True
0.5810482661140668,0.0,0.359944441735504,0.1763367771030698,0.4494287770126163,False
0.9841629323767229,0.4799999999999999,0.3599998375680407,0.4192900154720719,0.48167216504458765,True
0.917603524305733,0.4799999999999999,0.359999144878832,0.42165419402699533,0.46239248001685257,True
0.5839282705832796,0.0,0.439991683734899,0.17865506812715554,0.4606272165456085,False
-0.42949807995098044,0.5199999999999999,0.36,-0.4311140258752961,-0.4985673555722099,True
0.24983341061182207,0.4799999999999999,0.42675403462176703,0.42388826855185713,0.5062452928792794,True
-0.04381240865865088,0.0,0.23957059057266586,-0.17455299455911277,-0.4569365619810772,False
-0.6086496426682035,0.5199999999999999,0.2,-0.431286891389254,-0.5125797655086725,True
-0.23536509593698707,0.0,0.48,-0.17562776868128538,-0.44901292617088867,False
-0.8922526297075268,0.0,0.4,-0.1761322769168596,-0.4982634767342729,False
-0.09670318347828188,0.5199999999999999,0.27999999997695724,-0.4310384218371639,-0.47851492773866117,True
0.964009483043909,0.4799999999999999,0.3260335310434062,0.41885176054838413,0.4834004189469878,True
-0.752114599026074,0.0,0.48,-0.1756258179214001,-0.49698706231803513,False
-0.7612382041475032,0.5199999999999999,0.48,-0.43094463718032583,-0.4850330732557846,True
0.4770461122866936,0.4799999999999999,0.24001036914318777,0.4223565784880152,0.5121482767172311,True
0.17460726692796924,0.4799999999999999,0.4800166209848319,0.4229957391674467,0.5109702040863947,True
-0.05673493135926444,0.5199999999999999,0.3199639062578661,-0.4307831118753853,-0.4773331530463883,True
-0.7857463656122674,0.5199999999999999,0.44,-0.4313418872824949,-0.5126121155807364,True
-0.5415628690787642,0.5199999999999999,0.4,-0.43088827243143146,-0.5276045956759251,True
0.7999303896733507,0.0,0.4799870862626636,0.17439888234958043,0.48659061754578486,False
-0.1664929243946136,0.0,0.27999999999999997,-0.17557913070187614,-0.4676167711506992,False
0.07170332506323174,0.0,0.36000695335974986,0.17972702183787148,0.49116102240528053,False
-0.9875829668257412,0.5199999999999999,0.16,-0.43126471500808705,-0.5125380472807478,True
-0.3987165884593977,0.5199999999999999,0.44,-0.4313534796336844,-0.4557505622069924,True
-0.12621365564877962,0.0,0.39999999999959324,-0.17590409955112662,-0.4695537814013179,False
0.22429799413151508,0.4799999999999999,0.160000001603035,0.42280184709451696,0.5256682900176443,True
0.8363961507611462,0.4799999999999999,0.43999965470878705,0.42292058713555214,0.4646281560519563,True
0.2514733399250706,0.4799999999999999,0.5199963031981885,0.424512998185263,0.4933909864488009,True
0.4119951301635465,0.4799999999999999,0.27967950480114967,0.4231907244085579,0.48946184129258813,True
-0.7003325680201455,0.0,0.44,-0.17580440335975928,-0.49453730807420454,False
0.4921268182734333,0.4799999999999999,0.12036750901164808,0.42273964152486904,0.5203492420769502,True
0.6620139848670756,0.4799999999999999,0.38191266894684417,0.42219317829814457,0.45436193695890414,True
0.2674515379019582,0.0,0.20000114372469954,0.17974526809603056,0.49886915113456076,False
-0.12338023775514495,0.0,0.3199999999999332,-0.17622078040889186,-0.4476838890062623,False
-0.6948544506509893,0.5199999999999999,0.44,-0.4312307389771814,-0.5309504994168834,True
0.13681923049438027,0.4799999999999999,0.35999928149714205,0.4233564351727383,0.5178036991282744,True
0.05644855517012104,-0.8400000000000002,0.31430297173408206,0.3897242974381252,0.4798704607918216,False
0.9028575275071864,0.4799999999999999,0.20001622154930693,0.42234874596988403,0.5071200928178062,True
-0.039281642979967835,0.5199999999999999,0.3191488506441658,-0.4297071609245616,-0.4797746317969776,True
0.005119126765100734,-0.5199999999999999,0.3140209287154029,0.3829982490229529,-0.4482609889390903,True
0.0737563858488195,0.4799999999999999,0.3617364910589322,0.42370423052062595,0.5149931821076799,True
0.6384041341283166,0.4799999999999999,0.3200005097216934,0.42305250050605925,0.4949542257751822,True
-0.8857687238222802,0.5199999999999999,0.44,-0.4312402303688228,-0.48195786264952784,True
0.33884348614909765,0.0,0.3598644052831251,0.1772485205006727,0.4833604886958439,False
0.534233256758945,0.4799999999999999,0.369036395751849,0.42132899978917926,0.49264509458432,True
0.41623072395520766,0.0,0.28000000213102366,0.1779334152561759,0.4768694003700172,False
0.5937343674503932,0.4799999999999999,0.20320597746350574,0.4230614456173395,0.45270078717945256,True
0.1155216568548989,0.4799999999999999,0.2839871760747901,0.42550555109313654,0.505272173987288,True
0.9316730639842552,0.4799999999999999,0.2400033325525598,0.42180345767325034,0.45602316663338255,True
-0.7056862002140056,0.0,0.6,-0.17589427152541015,-0.503921524382773,False
-0.9407059989291688,0.5199999999999999,0.6,-0.4311394307752731,-0.5353281853246686,True
0.18778698524954351,0.4799999999999999,0.36027100444202603,0.4229620045942849,0.5208800378414244,True
-0.771868602514675,0.0,0.4,-0.1760222970572538,-0.5092924555203181,False
0.9016197001682444,0.4799999999999999,0.3225867426658713,0.4217437902349088,0.49549605191092855,True
-0.34858517114930554,0.0,0.56,-0.17624828382858576,-0.45320544940885926,False
-0.6127626196924456,0.0,0.48,-0.17644830559607955,-0.4914065132182295,False
-0.08437670220514493,0.5199999999999999,0.43999999149071445,-0.4309163978955288,-0.4745739686165144,True
0.8408051421861755,0.0,0.3200000101117628,0.1777701225541655,0.4761504033376215,False
0.7581383230293515,0.0,0.3869735415779331,0.17673988658437717,0.4594288612851981,False
-0.49476848990693956,0.0,0.36,-0.17629041014834002,-0.45886436916392787,False
-0.3039824142613077,0.5199999999999999,0.4,-0.43079926523110257,-0.49386559785693696,True
-0.6348225368393825,0.5199999999999999,0.44,-0.43058420805657216,-0.5319407363285592,True
0.8035921027419841,0.4799999999999999,0.40000006204954425,0.4231775714893908,0.5094662282468667,True
0.4130563263435949,0.0,0.43999779042193227,0.17755681238377813,0.46867453448799107,False
0.4533169231242815,0.0,0.3599947598991775,0.1767290231707623,0.49818650759747746,False
0.8001756736194154,0.4799999999999999,0.15999844733276958,0.42271747154807626,0.46917486159398514,True
0.5583276015386485,0.0,0.3598832819646143,0.17691818715224544,0.4590277801272341,False
0.19830956120858478,0.4799999999999999,0.1200001273900132,0.42385861574946593,0.5148074466224238,True
-0.41774951020425033,0.5199999999999999,0.28,-0.4304096050781706,-0.5007842044265762,True
-0.6972094711851358,0.5199999999999999,0.36,-0.4311916031508096,-0.518873250853544,True
-0.3296506817011302,0.0,0.48,-0.1861955554694182,-0.4588010796393278,False
0.31510355431563886,0.4799999999999999,0.3199999974641851,0.42268870709941897,0.4877943798837265,True
-0.8533149127347637,0.0,0.44,-0.17554305446117013,-0.49787506268260784,False
-0.8899872091875527,0.5199999999999999,0.36,-0.43109222113436385,-0.5031878887538646,True
-0.3536103721576471,0.5199999999999999,0.56,-0.4308078750250297,-0.48670015859319726,True
0.1809636089259723,0.4799999999999999,0.2403745102007581,0.42472869668038027,0.5286693686515844,True
0.7077971342512834,0.4799999999999999,0.34273955401886885,0.42091905311680455,0.5067430925253885,True
-0.425875149999982,0.5199999999999999,0.28,-0.4304464814143505,-0.4907525639565632,True
-0.6538655463704157,0.5199999999999999,0.48,-0.4303750408962089,-0.5014589396899917,True
-0.7319575880023144,0.0,0.32,-0.17615820540630162,-0.500761893976454,False
0.989307657288589,0.0,0.43999567074121304,0.1750303715052741,0.48564133074012744,False
-0.6410042610612163,0.5199999999999999,0.56,-0.4311912628336274,-0.517528224593481,True
-0.36490635394560833,0.5199999999999999,0.4,-0.43089598816696656,-0.48271245287579356,True
0.13658280931821443,0.4799999999999999,0.47995982119242114,0.42332842470626997,0.5081392814006024,True
-0.981302850999511,0.5199999999999999,0.36,-0.43059001338074326,-0.5158685844505885,True
0.8012972423101838,0.4799999999999999,0.33490342859986144,0.4233133763636644,0.5130106136212687,True
0.9544828618451742,0.4799999999999999,0.2805960404447652,0.4222159283840581,0.4927616201606244,True
0.11378935827366976,0.4799999999999999,0.320287946689719,0.42558984063248406,0.5151920329460277,True
-0.8304523132116197,0.5199999999999999,0.4,-0.4303668732399103,-0.5245971721236917,True
-0.33399506854179983,0.5199999999999999,0.4,-0.43036533185262527,-0.4682573809898281,True
0.456857352739344,0.4799999999999999,0.35881897157167053,0.42213437651690544,0.5100770640663146,True
-0.7151292533163656,0.5199999999999999,0.48,-0.43043075243609746,-0.5123308504243989,True
0.104937878995091,0.0,0.4003664645952036,0.1794128348573086,0.48733696320208914,False
-0.4539134806326288,0.5199999999999999,0.36,-0.4312904763804144,-0.46654431685469144,True
0.9489902761745195,0.4799999999999999,0.28000000049815665,0.4212524921900019,0.4885606224852617,True
0.3355738122900753,0.4799999999999999,0.3205368103024005,0.42311790543864825,0.5200194762827753,True
-0.4886934271317207,0.5199999999999999,0.52,-0.4305477295569421,-0.4724190038807311,True
-0.7833770116345424,0.5199999999999999,0.44,-0.43036268266164923,-0.504287949158476,True
0.5523614463477644,0.0,0.16510903327891044,0.17627338595416497,0.48744573047459416,False
0.564955985200404,0.4799999999999999,0.3191199465792296,0.42453564620330964,0.4909678283826089,True
0.5232078286149882,0.0,0.35992625777756276,0.1771507919968951,0.47584742947554926,False
0.8288062265386476,0.4799999999999999,0.4400000324242603,0.4210824197190849,0.504196198392796,True
0.31724556388484526,0.0,0.23999999937494712,0.17863481524202499,0.44423406260554116,False
0.13673516314586487,0.4799999999999999,0.4350849260874556,0.4253981598100852,0.5127781922981047,True
-0.5964886150940434,0.5199999999999999,0.16,-0.43047343378612535,-0.5198789047422179,True
0.3965927511035223,0.4799999999999999,0.5200005276583245,0.42371297632964466,0.4963148629362008,True
0.9043908196309547,0.4799999999999999,0.32655415967866047,0.42104897246850514,0.4858237984518029,True
0.7799265742840102,0.4799999999999999,0.3599980266981487,0.422248283941395,0.502564471800622,True
0.9871347257263474,0.4799999999999999,0.4400031604156858,0.4204544267312478,0.45781381330454846,True
0.637407020407851,0.0,0.39995215388095456,0.1770618657481338,0.5029429272316223,False
0.09024433235943974,0.4799999999999999,0.35998909247218763,0.42405978849332054,0.4994525128857868,True
-0.09749189007180337,0.5199999999999999,0.5199999999344406,-0.4304172592236986,-0.4780481731085587,True
0.7811143758577146,0.4799999999999999,0.2800035344550158,0.423546321431441,0.5042912380617923,True
0.9465295822373379,0.0,0.3599659367201962,0.17685143423543512,0.4700586330756466,False
0.18682265913793938,0.0,0.3603542835743977,0.1801510943051763,0.4909007865476878,False
-0.2678510045590583,0.5199999999999999,0.2,-0.43116961723082387,-0.4806810711608108,True
-0.35381061406750103,0.5199999999999999,0.44,-0.43093954189056366,-0.47546261448325294,True
0.742846510097396,0.43999999999999995,0.3598305150181694,0.42139557716786963,0.511511973882949,True
-0.5687318740232084,0.0,0.32,-0.17628372073513546,-0.5008969852637475,False
0.46989037712439274,0.4799999999999999,0.3752869993161764,0.42233918321309827,0.5155940448560071,True
-0.26876182526562875,0.5199999999999999,0.4,-0.43053473209144155,-0.4487258270445993,True
0.6032051970055203,0.4799999999999999,0.5193247127483008,0.4243756894637608,0.46071943204134747,True
0.5654711839507525,0.4799999999999999,0.2800000010547559,0.422061058571064,0.49161511137593494,True
0.402710758473386,0.0,0.3602023543092973,0.17817518845542188,0.46859999222293214,False
0.24555317320639825,0.4799999999999999,0.2157363128961119,0.4237054471428887,0.49883609311105015,True
-0.01263470850577586,0.5199999999999999,0.27311351735453193,-0.34401422505386803,-0.4704610968851441,True
0.6810754002369774,0.4799999999999999,0.20134127512687414,0.42254433346491826,0.4953907668675362,True
0.42419397388729463,0.4799999999999999,0.2885947856021479,0.42180327925954536,0.44923608236948614,True
-0.11218203716829511,0.0,0.2799999999928449,-0.17555172315868392,-0.49453246601622297,False
-0.9379302777333347,0.5199999999999999,0.6,-0.4306139164217155,-0.5076548388358285,True
-0.2735204796128039,0.5199999999999999,0.28,-0.4312597017243614,-0.45567524217869804,True
0.46144358282067754,0.0,0.24000000001387298,0.178182044746271,0.44872499401871563,False
-0.04886685383271683,0.5199999999999999,0.3192229512174942,-0.43071477444097234,-0.48726834423437326,True
-0.31116605975599465,0.36,0.24,-0.20532117293422592,-0.46672847670935713,False
0.28176086999203753,0.4799999999999999,0.34094960027234167,0.42496176929989815,0.45988683392527596,True
-0.7475893567712011,0.5199999999999999,0.48,-0.4309292860267657,-0.5294837760036804,True
-0.6570694780715005,0.5199999999999999,0.32,-0.4309289962999874,-0.5224462565216399,True
0.4741729873770433,0.4799999999999999,0.32000000011266466,0.4230674273480911,0.4658971372260532,True
-0.7459412128551952,0.5199999999999999,0.52,-0.43106284798048267,-0.5070798587188737,True
-0.26070025010674636,0.5199999999999999,0.28,-0.430868234268615,-0.4803723134784822,True
0.2086680096720528,0.4799999999999999,0.4000000793769407,0.423302838574869,0.4925007706378915,True
-0.7937911222887055,0.5199999999999999,0.4,-0.43138676493606604,-0.5348932174741248,True
0.6047483646744203,0.0,0.30974793876282863,0.17891637319502507,0.4846272679767746,False
0.8911064716842487,0.0,0.28003969563968756,0.17648954476806966,0.4681575517736785,False
0.9580776398678752,0.0,0.26150868861262216,0.1753587218811535,0.4686528809202889,False
0.7624644926778541,0.4799999999999999,0.27998545363715815,0.42278438699292975,0.49434531368846063,True
0.25536384292795034,0.0,0.27984754842179305,0.17780052979289251,0.4787189606373485,False
0.8609730668053313,0.4799999999999999,0.3199617540915906,0.42202674110711713,0.4931508507118721,True
0.44957990620487776,0.4799999999999999,0.3197410167147215,0.4244793065995144,0.5055627572253297,True
0.4333557721107124,0.4799999999999999,0.3602368756501781,0.42221935697243856,0.495285971179911,True
-0.9178428668316323,0.0,0.24,-0.1756465942282931,-0.4962074319205024,False
-0.12103644966505023,0.5199999999999999,0.43999999999884964,-0.43066011598860116,-0.4998166520277944,True
-0.43586043376782446,0.0,0.32,-0.17587109909738596,-0.46337193289493767,False
-0.3300080622161454,0.5199999999999999,0.52,-0.4309182805236751,-0.4897801671616634,True
-0.8329459859111994,0.5199999999999999,0.44,-0.43063761697475517,-0.5143234892680261,True
0.5216982941147721,0.4799999999999999,0.3228004289255842,0.42274040576334493,0.5134336502388596,True
0.018544894327907846,0.4799999999999999,0.24062392672116398,0.4256256230859334,-0.45069107377609374,True
0.3220948352169044,0.4799999999999999,0.35264571469529504,0.4243364288653544,0.5275986636270069,True
0.26062888496856296,0.0,0.20000000000002074,0.17780303674808956,0.5137575582050097,False
-0.25814634508494505,0.5199999999999999,0.48,-0.43070539946571207,-0.4794630525488659,True
-0.10651969653831062,0.5199999999999999,0.3999999999978076,-0.43071890457700573,-0.4922463509936703,True
-0.16978355960481362,0.5199999999999999,0.16,-0.4310169018598897,-0.4891528175990559,True
-0.0392229839731868,0.5199999999999999,0.27994902794163323,-0.4296689329163568,-0.48166797181899196,True
0.9666471467769324,0.4799999999999999,0.2799453645302309,0.4191123790099803,0.48956721412360393,True
-0.2531525852929253,0.0,0.44,-0.175887069642101,-0.4618735490308595,False
-0.9751860365445728,0.0,0.52,-0.17764849624863302,-0.5020951063166599,False
0.8438066755980578,0.4799999999999999,0.39999802072083623,0.42075499586214504,0.5084098587739558,True
0.7465521406884159,0.0,0.23999999149282586,0.17561959336686556,0.437975169312214,False
-0.2965063568248225,0.5199999999999999,0.24,-0.43134262019475067,-0.45850100554361634,True
0.2602662250045842,0.4799999999999999,0.519946049986549,0.42278037929780615,0.507285287629934,True
-0.28434608131661787,0.0,0.32,-0.17620680435681763,-0.43692091724028687,False
-0.5743601247030701,0.5199999999999999,0.36,-0.43051566672339847,-0.5238850465513187,True
-0.5533615537546956,0.0,0.36,-0.17575173443693337,-0.49020387566473456,False
-0.1608724165383446,0.5199999999999999,0.39999999999999986,-0.43061801197202876,-0.48903715344257737,True
-0.8541795578438665,0.0,0.36,-0.17631714166987353,-0.5053004519685784,False
0.3016781402733846,0.0,0.23999797468565726,0.17985281825404276,0.48804434149245873,False
0.5113722979018749,0.4799999999999999,0.34423343487870883,0.42408722051223413,0.48719885488593795,True
0.8642024526236245,0.4799999999999999,0.20016541031199914,0.4223483839252166,0.5036838613532982,True
-0.24719168083600418,0.5199999999999999,0.32,-0.43036160002786605,-0.4952775116351494,True
-0.4061454331009331,0.0,0.44,-0.17594225676650196,-0.4711140330641997,False
-0.25611137501169967,0.5199999999999999,0.56,-0.43053926987706553,-0.4817277255338915,True
0.6553987176072684,0.4799999999999999,0.3103706200263676,0.424161524152204,0.47726695605753366,True
0.8022790705005896,0.4799999999999999,0.4005551672433028,0.420360391625318,0.5046557065172931,True
-0.1453924302850076,0.5199999999999999,0.5599999999999987,-0.4313447285684741,-0.47404871936947757,True
-0.9956211383537568,0.5199999999999999,0.4,-0.4311574350380718,-0.5190918373301466,True
-0.9160695108706596,0.5199999999999999,0.44,-0.4304334860903616,-0.5271262109066277,True
-0.7164252336744708,0.32,0.4,-0.4196000752494093,-0.49697576644777136,True
0.19647437021033332,0.4799999999999999,0.4000151497899885,0.42297588158759725,0.506449389151762,True
-0.7870789559762783,0.5199999999999999,0.44,-0.43065711609855056,-0.5288350265332374,True
-0.4056820276513642,0.5199999999999999,0.48,-0.4313883412406414,-0.4966216658420875,True
-0.8832160201757344,0.5199999999999999,0.36,-0.4305579067492406,-0.5368344513167206,True
0.24264972050272315,-0.32,0.5186622956029189,0.42498681857430126,0.4842028086113942,True
-0.9546390477504334,0.5199999999999999,0.32,-0.43089988683361163,-0.5313484809181401,True
0.7101093722633134,0.0,0.280041678012967,0.17895655214476258,0.4764394976641158,False
-0.38732559426745516,0.0,0.52,-0.1761090426490467,-0.4523052993236713,False
0.5175668895078083,0.4799999999999999,0.27993075117658983,0.4213307227729469,0.4864717054915607,True
0.12655022027973217,0.4799999999999999,0.32004618816600927,0.4249101460544745,0.5268885766043023,True
-0.9236716356427037,0.5199999999999999,0.4,-0.43107962623133267,-0.492662784546253,True
0.13103344811967577,0.0,0.24023519029075052,0.17843203224694498,0.5098884810275565,False
0.3177469772964172,0.4799999999999999,0.24000025017255383,0.42224201017601926,0.5046990269727344,True
-0.6334673012146443,0.5199999999999999,0.4,-0.4310674737731523,-0.5223285474313429,True
0.5948226161822772,0.4799999999999999,0.20055390256159814,0.42202308700032154,0.4854688451264983,True
0.22473485893789769,0.0,0.4399954258680433,0.17866705007126013,0.47653831897350685,False
0.11130676889947377,0.0,0.320002349748191,0.17869651553890573,0.49174785282367806,False
0.25898308924476865,0.4799999999999999,0.23999992792167735,0.42362209799996753,0.5125606883398798,True
0.37236015066220407,0.4799999999999999,0.20002179244380272,0.4228061259924353,0.5144505415462628,True
-0.5192349249544268,0.5199999999999999,0.2,-0.43074259230066725,-0.531115942572739,True
0.5758555759590793,0.0,0.42197398622084076,0.18531330264397433,0.4655170267097836,False
0.7129549141191416,0.0,0.37891745230696927,0.17861050761280067,0.49663480695753764,False
0.45559203119723835,0.4799999999999999,0.4395539771291993,0.4239423718819519,0.5049733915111129,True
0.3846902868319222,0.4799999999999999,0.5200000623406585,0.4219847327640107,0.5051644520551158,True
-0.055298121859630456,0.5199999999999999,0.3599949855880251,-0.43073304316819033,-0.48737962824651765,True
0.7137458838690016,0.4799999999999999,0.28000819625441853,0.4205518725380166,0.5000581589607,True
0.32948666780861213,0.4799999999999999,0.39999793274039613,0.4224790960391086,0.5205813758001155,True
-0.33324811544935096,0.5199999999999999,0.36,-0.43090341042905234,-0.4933635729999868,True
0.036290998512626516,0.4799999999999999,0.28067582191960294,0.4245232197050265,-0.4690196109348151,True
-0.2106228331096549,0.5199999999999999,0.32,-0.43036316364421007,-0.49112635506804464,True
-0.9379008032872773,0.5199999999999999,0.32,-0.43114648178520704,-0.5203893973041991,True
0.15367968626624173,0.04,0.24000004203450542,0.18034669932353037,0.4808053032318159,False
0.7005034906977217,0.0,0.3599464950082493,0.17793523864891153,0.4772272666779563,False
0.9029777303472901,0.4799999999999999,0.3599999930423383,0.42054913451143544,0.5029747446258179,True
0.3659575942165334,0.4799999999999999,0.2580115056808587,0.42344041734631177,0.4874980366321356,True
-0.8476749036079441,0.5199999999999999,0.56,-0.43129146172258903,-0.5271068012463351,True
-0.17984411445502602,0.5199999999999999,0.4,-0.4311401266517117,-0.4929403986521059,True
-0.9161972024565266,0.5199999999999999,0.32,-0.4309697546799598,-0.5093511220322359,True
-0.6516263368492416,0.5199999999999999,0.16,-0.4303459852639418,-0.48544108238759337,True
0.13080401112950701,0.0,0.21834099329459608,0.1791978567031789,0.508418573630157,False
-0.6542176588002793,0.5199999999999999,0.32,-0.4304807295501636,-0.5100148197317708,True
0.13322095588889238,0.4799999999999999,0.4133644622442787,0.42330309655127907,0.47475148166605025,True
0.028008505899082214,0.0,0.31967094839475635,0.17960404898754564,-0.4534025182298945,False
0.7377417750947537,0.4799999999999999,0.3200685568946611,0.42337584121685207,0.4642484166116823,True
0.4406944958619057,0.4799999999999999,0.39975147676366585,0.4248666048394928,0.5173912469623073,True
0.8071826941405966,0.4799999999999999,0.36000000008851674,0.4219904304621871,0.4989817797094664,True
-0.4447700035332558,0.5199999999999999,0.28,-0.43137112057437693,-0.4587139804717415,True
-0.4866691356370241,0.5199999999999999,0.36,-0.4306644319412333,-0.49304384716166644,True
0.3994065257228214,0.4799999999999999,0.29679088964235856,0.42437868572400383,0.5117829389153077,True
0.8031377924978789,0.4799999999999999,0.12030377144443072,0.4218840858124233,0.47628269904152054,True
0.9673846502431562,0.4799999999999999,0.12025505683765197,0.4217993591534407,0.5032322152572749,True
0.28182562485248996,0.0,0.2399999772182892,0.17962341815210164,0.4691259857376586,False
-0.3399852229295781,0.5199999999999999,0.4,-0.4308089045166576,-0.44979987311929104,True
0.2133504324583202,0.4799999999999999,0.40006165895457146,0.42330317057358113,0.4751193550334413,True
0.6443195771517811,0.4799999999999999,0.5199998426813168,0.4236874943325465,0.48020415368320507,True
0.2559301309223232,0.4799999999999999,0.40010419725415053,0.4247746905881611,0.4699234549142416,True
-0.7641538849985794,0.04,0.32,-0.17562220003449555,-0.5085689865985293,False
-0.42824465329768735,0.5199999999999999,0.24,-0.43108373073204975,-0.48486686785261257,True
0.9734944306757292,0.0,0.32000000065621115,0.1769859464617251,0.48180393302584795,False
-0.13639830301815126,0.0,0.43999999999999717,-0.17590194110157104,-0.4678012867686,False
0.14846882756612878,0.4799999999999999,0.31901426504422614,0.4238966274286558,0.5027600735533264,True
0.05448415334846035,0.4799999999999999,0.31364917135304937,0.42411252323779525,0.5290617812900661,True
-0.6046939012449746,0.0,0.32,-0.1754707709753366,-0.49597762526388883,False
-0.6685831355503318,0.0,0.32,-0.176310267350547,-0.48076415744138684,False
0.00198091584439708,0.4799999999999999,0.3244341097946999,0.38538227166301664,-0.48263512382741003,True
0.9804081201706285,0.4799999999999999,0.2059073371335089,0.42005176564420255,0.4744892499970051,True
-0.2120163773827064,0.5199999999999999,0.24,-0.43117510385541,-0.4623585529526069,True
0.4280265305532298,0.4799999999999999,0.3398699105316204,0.42221200802066905,0.5244364095160867,True
-0.6481914611534545,0.5199999999999999,0.32,-0.43058932288187113,-0.5076388556365421,True
-0.8586076424991147,0.5199999999999999,0.32,-0.4308379803844282,-0.5392838027746584,True
-0.6847538273750053,0.5199999999999999,0.44,-0.43122138489148676,-0.5255073097596007,True
-0.6768839729823282,0.5199999999999999,0.28,-0.43111619152111397,-0.4913011450174787,True
-0.4327258354757215,0.5199999999999999,0.44,-0.43036479102150416,-0.4563797355909826,True
0.07341205112813198,0.4799999999999999,0.44074511083898654,0.4261852585634427,0.5198323514472231,True
0.546477429786421,0.0,0.4795177363024474,0.17944715953597465,0.45773328112561407,False
0.7606871625544087,0.4799999999999999,0.2000216850643937,0.4217929487788827,0.44897483200493515,True
0.2747828939148105,0.4799999999999999,0.3199982803437973,0.42295150608184107,0.47940642052978016,True
0.7052044805091062,0.4799999999999999,0.5199981943469271,0.42385545220967297,0.4969778268230815,True
0.19591074304885403,0.4799999999999999,0.2800186101610269,0.42436580065732454,0.480427490756388,True
0.38769332060412576,0.4799999999999999,0.4799874791880255,0.42207153852240054,0.5247302269982445,True
0.07435334629320245,0.0,0.3200140971715795,0.17884180610576889,0.4729630485897393,False
0.778460166931392,0.0,0.39999958514603456,0.17591011970799877,0.47402244379426167,False
-0.8954671474863607,0.5199999999999999,0.36,-0.4312728039055388,-0.5199948701631828,True
0.5663674015859357,0.0,0.35999925335962785,0.17642868009880955,0.49209330009331437,False
-0.7096534617966153,0.5199999999999999,0.44,-0.43138540122514635,-0.5018711908832002,True
-0.8826031480241057,0.5199999999999999,0.32,-0.4309419781540568,-0.5277145720140675,True
-0.8820108382889233,0.5199999999999999,0.28,-0.43130909908114146,-0.5079979906895147,True
-0.8960575402639492,0.5199999999999999,0.52,-0.4306212010233505,-0.5288209802811554,True
0.031972176883171555,0.0,0.359989837124117,0.1797825648633332,-0.46384269462881905,False
-0.19000755980137307,0.5199999999999999,0.44,-0.4313186100641014,-0.48484782923975733,True
0.9992991875403874,0.0,0.27996862628405195,0.17704537972264014,0.49196264221595865,False
-0.7828599788947115,0.5199999999999999,0.32,-0.4310845078481754,-0.5330843267809617,True
-0.34523139501043776,0.5199999999999999,0.48,-0.43093227176004645,-0.4691231699443048,True
0.9956598641162049,0.4799999999999999,0.2399999523985921,0.42063746339521063,0.5165348696556423,True
-0.19777121652390117,0.0,0.52,-0.17575978361625536,-0.451021860585049,False
0.7666715329462521,0.4799999999999999,0.2800220069155131,0.42314405825845414,0.4682481139661828,True
0.13827716105486765,0.4799999999999999,0.3600000006843132,0.4235846270261343,0.5073865334131145,True
0.9064817792888331,0.4799999999999999,0.35985910692195616,0.42262227560708043,0.5014184107531425,True
0.7707744883104732,0.4799999999999999,0.3200000101341422,0.42231698748728574,0.5122177932938816,True
0.5585711831638895,0.4799999999999999,0.4817634900174614,0.42221295490656874,0.49608827144694156,True
-0.9363838739276551,0.5199999999999999,0.32,-0.43136822358860283,-0.498995482094517,True
0.9252370595669526,-0.64,0.399997180143454,0.1943651446178976,0.47752068796738323,False
0.03927088846280502,0.0,0.4407297541059918,0.18001169195833255,-0.4409090667467797,False
-0.584417977092011,0.0,0.4,-0.17590549948862197,-0.5003291931724811,False
0.7501956134773013,0.0,0.3602182402267469,0.17670139354542164,0.48105835140048014,False
-0.5516970419948084,0.5199999999999999,0.36,-0.43125575258059595,-0.538151788848244,True
-0.7226813469261808,0.5199999999999999,0.44,-0.3883114698036556,-0.49639652138579327,True
0.45047857501240407,0.4799999999999999,0.47999698226442467,0.422830335625309,0.5172995274125489,True
0.9475778190149944,0.0,0.29119522874476034,0.17531439233874455,0.4731947665359335,False
0.07096375319069526,0.4799999999999999,0.27999972411074636,0.42471026243757726,0.5003111857242224,True
-0.11040400399901884,0.5199999999999999,0.3199999999979724,-0.43119299207289186,-0.48627562938600055,True
-0.9557776439629799,0.5199999999999999,0.56,-0.4307734653383068,-0.5006411094399238,True
0.21197668063098907,0.4799999999999999,0.28000328231831867,0.4233621471799932,0.4720518999001775,True
0.9295930479133603,0.4799999999999999,0.360054298843897,0.4195555722637724,0.49030965831221146,True
0.9351829619338703,0.0,0.480019951495023,0.17774344059532377,0.46444221760247284,False
0.8600576185210798,0.4799999999999999,0.36000020885834744,0.4214839949451027,0.5144614015979506,True
-0.6306403360079353,0.0,0.44,-0.17543830372533034,-0.48155171640220834,False
0.24592431672288173,0.4799999999999999,0.24000390039604663,0.4245284708479679,0.47703438588910185,True
-0.17407466047373577,0.5199999999999999,0.36,-0.4309783657493237,-0.46606352826098624,True
-0.27387759558903224,0.5199999999999999,0.36,-0.4307893032828821,-0.4883258612614491,True
-0.9267941173103169,0.5199999999999999,0.28,-0.4307232030272948,-0.5319482851307094,True
0.7362974191437557,0.0,0.27999786226264556,0.17811319927613176,0.47807600551745233,False
0.34565642525629836,0.4799999999999999,0.1744852675964848,0.4220580653399387,0.48043539474104174,True
-0.8250567718765527,0.5199999999999999,0.36,-0.4305431350314508,-0.5256258678150556,True
0.7739318784727891,0.4799999999999999,0.35999998731084837,0.4221990384954253,0.492281028279411,True
0.5649291015307933,0.4799999999999999,0.36002707208830487,0.42451736033441223,0.4662060066262333,True
-0.36539117747407945,0.08,0.2,-0.18037109249137825,-0.4601041189925934,False
0.6366275747740138,0.0,0.35998806607225264,0.17926667500789661,0.4697842491007242,False
0.01511013648469639,0.4799999999999999,0.3618764581862781,0.4197217431593594,-0.49167478191187913,True
-0.9576133964638638,0.5199999999999999,0.32,-0.4310362231645218,-0.5281108411088862,True
-0.1329564835424366,0.0,0.23999999999999808,-0.1761054255181121,-0.4693060466444458,False
-0.10737388809241177,0.5199999999999999,0.47999999990103576,-0.43099681820257224,-0.4715704478828069,True
-0.5223600211855404,0.5199999999999999,0.52,-0.43036658903255687,-0.5165005074700542,True
0.6604914636821508,0.4799999999999999,0.320000005557032,0.4220340374935732,0.5174571710199303,True
0.48952835322610655,0.4799999999999999,0.44000000064759637,0.42144348409208976,0.47692137490318265,True
0.17295800192033117,0.4799999999999999,0.20001647481543575,0.42370213092210424,0.5035442052412766,True
-0.01426429486903591,0.5199999999999999,0.2687845111844669,-0.3162180126241411,-0.48792667881873436,True
-0.025288240317614008,0.5199999999999999,0.31330339062983237,-0.4076517030236259,-0.4672397557868658,True
-0.46651860815415924,0.0,0.4,-0.17633934553298133,-0.461032006686025,False
0.21002220287943385,0.4799999999999999,0.4001840513490839,0.42299787277332856,0.5346936835692802,True
0.507087441980574,0.0,0.4000000022092148,0.17715806522885924,0.4933252970001419,False
-0.45883154409353266,0.0,0.48,-0.17563997642587909,-0.4434334880760161,False
0.04460656626495196,0.4799999999999999,0.4399106322412713,0.4267272619889175,0.49492725519084396,True
-0.8033429395728777,0.5199999999999999,0.48,-0.43054427079036933,-0.4983148287300619,True
0.4272733499389574,0.4799999999999999,0.32000847686643147,0.4232982352984822,0.5071715145624112,True
0.7680811880319642,0.4799999999999999,0.4399980068552587,0.4203252863509853,0.4916486445654621,True
0.13410884245600663,0.4799999999999999,0.1999937056535702,0.42360222373932915,0.5065267168707315,True
0.988963157794464,0.4799999999999999,0.32419737138984933,0.4195692719240579,0.4939756550336747,True
-0.6425204594748837,0.5199999999999999,0.44,-0.4299892990618922,-0.5020898279264414,True
-0.9755998274111439,0.5199999999999999,0.52,-0.4306402311228382,-0.5250318234545092,True
-0.08600303888583838,0.0,0.5199999967768575,-0.1758593865527475,-0.4669623689497995,False
0.8635038837099016,0.08,0.3600411230522341,0.17618666144908332,0.476517100509797,False
0.6920493764357494,0.4799999999999999,0.3599426575130112,0.42320367306254014,0.47614095181152644,True
-0.05334024785947977,0.0,0.35976346007125704,-0.1755260043043759,-0.4641933544285994,False
0.8051100520954704,0.4799999999999999,0.5199979823915544,0.4209605929895146,0.4852169376255574,True
-0.5480089473252705,0.0,0.4,-0.17629064930938837,-0.502867488074575,False
-0.3916925226868273,0.0,0.44,-0.17596253894145594,-0.455354879743798,False
0.42998776302704633,0.4799999999999999,0.39999867206895595,0.4218953735910169,0.5115155276224792,True
0.448182966875754,0.4799999999999999,0.3599999952694988,0.4221583727974567,0.5222972536985843,True
-0.9626471211526371,0.2,0.48,-0.1879257697471439,-0.4900738403222067,False
-0.428373793282238,0.0,0.4,-0.17638144299833552,-0.4678713885597486,False
0.16097267049077768,0.4799999999999999,0.3404006850023233,0.4248309168774098,0.5003149484445133,True
0.8615732641803395,0.4799999999999999,0.31566352135725884,0.42138664449065427,0.486063637655231,True
-0.32200619664247365,0.5199999999999999,0.48,-0.43054762015954995,-0.4725832340817816,True
-0.7598337538606679,0.5199999999999999,0.48,-0.4303623307191963,-0.49957600603586805,True
0.032545417051504266,0.0,0.23999979912366165,0.18180076203118214,-0.4766983507857636,False
0.39841412662266795,0.4799999999999999,0.4399974332575925,0.4220128775120386,0.4923044846615555,True
-0.4027186458470502,0.24000000000000002,0.56,-0.26964182047345236,-0.4383202279011012,False
0.7232192305583556,0.4799999999999999,0.4106043540016509,0.42298072536009246,0.5022353167024791,True
0.8116143907857478,0.4799999999999999,0.36001858123874214,0.4208049591899591,0.4867852160390727,True
0.5371665036955691,0.0,0.4399998025556311,0.1773980409264617,0.4812115284244438,False
-0.4775367185249888,0.5199999999999999,0.44,-0.430986265160681,-0.4480723065071772,True
0.8769111923932977,0.0,0.36024697295792163,0.17775750826437464,0.4441353311891989,False
0.8772849110266934,0.4799999999999999,0.24711157368885064,0.42167587836154474,0.49763833299587773,True
0.4900890942157552,0.4799999999999999,0.3999978449354414,0.42328222828559214,0.4772698012381282,True
0.8214700856946207,0.0,0.31999975005389214,0.17665537494459843,0.47142944152123784,False
-0.5255505824109294,0.5199999999999999,0.44,-0.43086049989966635,-0.5030484003715269,True
-0.010065295759212445,0.0,0.4456785199281936,-0.05003851710485087,-0.45009897076977357,False
0.6197566776198695,0.4799999999999999,0.4799432511727779,0.42200285727532255,0.49642368356687705,True
0.9091315676509939,0.4799999999999999,0.3004347932146555,0.4208388667564549,0.5064273002206532,True
0.2749665090479392,0.4799999999999999,0.24000004050755028,0.42276992669162833,0.4828517728018841,True
0.8216995054513048,0.4799999999999999,0.27686588079183516,0.4198025000285067,0.507416096495986,True
0.38427350239153557,0.0,0.4692064443535463,0.17727506434148638,0.48572095766544754,False
-0.91411402130183,0.5199999999999999,0.44,-0.4308780468529333,-0.52545286969609,True
0.667173801375982,0.43999999999999995,0.35215049665555825,0.42251350242509844,0.5139223695531826,True
-0.26010296804725264,0.5199999999999999,0.28,-0.4303840098392651,-0.4996774043114203,True
0.8731140018026635,0.4799999999999999,0.5133512203835047,0.4229869089240248,0.49715745028495173,True
-0.03389424964695387,0.0,0.3526130174829072,-0.17232080821027884,-0.4572392388464547,False
-0.7493367856631574,0.5199999999999999,0.32,-0.4304462992536346,-0.5423794692206445,True
0.9289083675195595,0.4799999999999999,0.2800235079759947,0.42249202522883555,0.4705877226592637,True
-0.9659483380479796,0.0,0.44,-0.17643219524147527,-0.4870288156462168,False
0.3531415301531404,0.4799999999999999,0.5599998489704433,0.4221890852620128,0.4663477572698846,True
-0.719120067578336,0.0,0.32,-0.17619881743337382,-0.511635616607658,False
-0.6893742934335596,0.5199999999999999,0.24,-0.4307335925979348,-0.5276188230499333,True
0.2991154941097587,0.4799999999999999,0.36000000543572036,0.42260074369083467,0.521385535087171,True
0.963308432276963,0.4799999999999999,0.24000125105208872,0.42235349428200547,0.5125505806465567,True
0.389614830763217,0.4799999999999999,0.36001363399152697,0.42229093679056495,0.529366512590382,True
0.5239477860723063,0.0,0.48002537295468245,0.17802624110824006,0.4751919081252275,False
-0.14958163439426797,0.5199999999999999,0.5199999999999992,-0.4304071410835645,-0.48143573336384693,True
-0.7222131120663782,0.5199999999999999,0.52,-0.43036270867819726,-0.49629179663455175,True
-0.567627393679839,0.2,0.48,-0.29032013959307124,-0.49813079798310456,False
0.5294005447985894,0.4799999999999999,0.5599999340307271,0.422650114822563,0.4739316055374336,True
-0.8907882616908189,0.5199999999999999,0.4,-0.4306267817311398,-0.5231093143038468,True
-0.019754021731764437,0.5199999999999999,0.4197113186831811,-0.37913298846031046,-0.4891926058294078,True
-0.6386196365896721,0.0,0.28,-0.17564410468028294,-0.46717297967561555,False
0.26184969290578364,0.4799999999999999,0.3376241387121313,0.42246756887290193,0.469946427154071,True
0.10248406671328092,0.4799999999999999,0.24000002053011069,0.4255688983135895,0.4880719050011232,True
0.13416242896756003,0.0,0.39999271672750886,0.17830391112841582,0.48056869968262295,False
0.6366899506725656,0.4799999999999999,0.3200648106746462,0.4237761429819282,0.48886728403213026,True
0.8779746076129837,0.4799999999999999,0.35983257606078944,0.4166661857423487,0.5072849781390917,True
-0.6141971702713036,0.5199999999999999,0.44,-0.4309504002857782,-0.5183861907431372,True
0.42568804858491016,0.4799999999999999,0.39446466664253854,0.4223313246714956,0.520840617270325,True
0.3958796084811249,0.4799999999999999,0.3604780407303275,0.42308551983199305,0.4621293225203711,True
-0.4834070025924704,0.5199999999999999,0.6,-0.43092565522563725,-0.46625787311093175,True
0.8316156391346066,0.4799999999999999,0.3999999710446717,0.4212230065029595,0.4882427691694038,True
0.0647163731543301,0.4799999999999999,0.4399318891575066,0.4245399335527608,0.4869253058921693,True
0.1159288388166928,0.68,0.199827774156576,0.4410748099437478,0.5081852107634101,True
-0.3544554636697017,0.0,0.4,-0.17630749204104568,-0.45263557745433886,False
-0.3227384348028852,0.5199999999999999,0.36,-0.43136178413259085,-0.47971083588582497,True
-0.33539689191676114,0.5199999999999999,0.2,-0.4308635207388698,-0.45875415678850245,True
0.9576364111854925,0.4799999999999999,0.24675956310411426,0.42205158275594873,0.49103042782079737,True
-0.593569608916034,0.5199999999999999,0.4,-0.43079321061787146,-0.524989903664486,True
0.3340521201294966,0.43999999999999995,0.35994500829490517,0.4230715054727548,0.5126277627953137,True
0.149568533883792,0.4799999999999999,0.36093548274207593,0.4232342952891226,0.46665857494667523,True
-0.8960494268609007,0.5199999999999999,0.48,-0.43041242130244106,-0.5494618205229366,True
0.0856762051803277,0.4799999999999999,0.28003376489888326,0.4245327635403497,0.5201111600705354,True
-0.584101770122738,0.5199999999999999,0.4,-0.43067570433487967,-0.4848483178645407,True
-0.8178196405702309,0.5199999999999999,0.44,-0.430620032595762,-0.5050931770408232,True
0.739711424017863,0.4799999999999999,0.4799835254928759,0.4230391562261481,0.4592192396008681,True
-0.9452604410062719,0.5199999999999999,0.36,-0.4306268368578307,-0.5032609257305065,True
0.937249044392491,0.0,0.3999990057529018,0.177563355740824,0.45704936193429474,False
-0.3450002208504197,0.5199999999999999,0.28,-0.43134584300914564,-0.45155244055815713,True
-0.17944408426483238,0.5199999999999999,0.2,-0.43054660863806665,-0.4777615417498336,True
-0.7289115699077755,0.5199999999999999,0.36,-0.43036797335308874,-0.5166918193928458,True
-0.745867378510092,0.5199999999999999,0.4,-0.4311159000434661,-0.5096285149039946,True
-0.1720320404717255,0.32,0.6,-0.4185659950054954,-0.44447973326112966,True
0.23488747207838712,0.4799999999999999,0.3199988081114976,0.423111895458373,0.5156047877756957,True
-0.7354661942652945,0.5199999999999999,0.36,-0.43069972204203294,-0.5113940745187853,True
0.9489624357165576,0.4799999999999999,0.3199995686336456,0.42140487176662184,0.5027323897276591,True
-0.6387297951109416,0.5199999999999999,0.44,-0.4309795172758658,-0.5311993840975601,True
0.520699822392632,0.4799999999999999,0.44000000663066496,0.4231123628412737,0.4921253323159874,True
-0.0356763695911646,0.5199999999999999,0.2798367674870941,-0.42801606817829796,-0.48657649643468937,True
0.5361577362885228,0.4799999999999999,0.43999933123953283,0.42445733552476106,0.5082958597396912,True
-0.39420311434046584,0.0,0.52,-0.17575860839397958,-0.46391192535491577,False
-0.9696498184490929,0.0,0.52,-0.17615234417880157,-0.4859262427918733,False
-0.07326262706609143,0.5199999999999999,0.27999993677862167,-0.4305624492900525,-0.4598740616425186,True
0.40667415783803373,0.0,0.3200020248862112,0.17721705453951989,0.4855804672580954,False
-0.8679182141806898,0.5199999999999999,0.4,-0.4309248633363757,-0.5303068714061596,True
0.338022835313609,0.4799999999999999,0.21865095355545727,0.4247298142400267,0.5356362224132765,True
-0.30904188831567936,0.5199999999999999,0.28,-0.4290894423049856,-0.4638415829431036,True
0.18344294520618942,0.4799999999999999,0.4361670447314866,0.4233130032840937,0.4676899800787307,True
-0.541893084385785,0.0,0.36,-0.17604962968759075,-0.4920667063152093,False
-0.4648632750444941,0.5199999999999999,0.36,-0.4311931809133689,-0.4861890163509911,True
0.8656539712793985,0.4799999999999999,0.32003008041929165,0.4230355706813286,0.4679605980423088,True
0.6522901175677134,0.4799999999999999,0.21247934802501317,0.4215236614201717,0.4767730207742869,True
-0.7091136143329688,0.5199999999999999,0.48,-0.4307829160172826,-0.507050373550377,True
0.29400721978666966,0.4799999999999999,0.39999964721454184,0.42369418966896155,0.4732385026922573,True
0.7679023306663351,0.4799999999999999,0.3599701842814318,0.42216176980856157,0.521063438446253,True
0.4827210683114922,0.4799999999999999,0.24158267104258033,0.42312229805255397,0.5219249455127803,True
0.031421598689034935,0.4799999999999999,0.348196753291983,0.42475116503288335,-0.49242486729678314,True
-0.7294963128703456,0.5199999999999999,0.16,-0.43124132792271874,-0.5226469196590628,True
-0.9202326947893016,0.5199999999999999,0.32,-0.43094431558888535,-0.49757603491914404,True
0.6686436641779372,0.4799999999999999,0.5931151552923758,0.421994682155776,0.47540778568537506,True
-0.7658842614104502,0.5199999999999999,0.4,-0.430834273823577,-0.4917315645474673,True
0.046204627220107986,0.4799999999999999,0.3199999674686806,0.42473867209605193,0.497298866399496,True
0.7461169365131011,0.4799999999999999,0.4006379093272882,0.42242760276675057,0.4864171802321714,True
-0.9225843260673452,0.5199999999999999,0.64,-0.43121975507338184,-0.5206154721957259,True
0.3847815735874067,0.43999999999999995,0.44039638357777716,0.4229886449874257,0.5225908543346508,True
-0.04746304373468724,0.5199999999999999,0.5194935534311418,-0.4308409833150025,-0.46270593914880254,True
-0.6614710230832257,0.5199999999999999,0.32,-0.43111441711594917,-0.5192146206673923,True
-0.8736562154960326,0.5199999999999999,0.32,-0.43058168001749675,-0.5038372386345825,True
-0.9355518160964513,0.5199999999999999,0.56,-0.4312276402674046,-0.5315304328413107,True
-0.5151382872399308,0.5199999999999999,0.36,-0.4308903137133119,-0.5163308692108016,True
-0.7745863506518693,0.43999999999999995,0.2,-0.37882927049433196,-0.5010340820875648,True
-0.1900199652003174,0.5199999999999999,0.32,-0.4306906632882017,-0.4747496438258208,True
-0.9158540575145269,0.0,0.52,-0.17589556564482403,-0.5041777240945068,False
0.8531308988037283,0.4799999999999999,0.1999999899694628,0.422535972146997,0.4476719485626078,True
0.8705258172075954,0.0,0.3709318453593126,0.1774823509933811,0.47533513273013744,False
0.6208537949792279,0.4799999999999999,0.4000163718720068,0.4216408792194916,0.501641103574221,True
-0.6233138431339862,0.0,0.56,-0.17633463495734716,-0.4940708510164252,False
0.1746364467810233,0.4799999999999999,0.4398400323591192,0.4252076317160577,0.44664658156907133,True
0.807021111323357,0.4799999999999999,0.40001438169658426,0.41995242158863566,0.4838818834465426,True
0.9346845294727022,0.0,0.3598262851375414,0.17461841557441732,0.4576785154616184,False
-0.864921570133371,0.5199999999999999,0.4,-0.43055915857980087,-0.5270581047483649,True
-0.3648278565656293,0.5199999999999999,0.36,-0.43095764732174024,-0.4891899724099382,True
0.393725942151659,0.0,0.39953402234158597,0.4191639241733224,0.4851388829372056,True
0.2805307510598656,0.4799999999999999,0.3182642987005526,0.42472987567056975,0.4838707042262884,True
0.26524662729801873,0.4799999999999999,0.2800167988700257,0.4247947502807078,0.5010770394842292,True
0.6575012981586206,0.4799999999999999,0.48000000002740717,0.4229247399495535,0.4933915803340884,True
0.4262208534631955,0.4799999999999999,0.35999996775389287,0.4227754632149384,0.48500405293493154,True
-0.3290395456694839,0.0,0.44,-0.17619452481303932,-0.4594688787947302,False
-0.6646106463182726,0.0,0.4,-0.1760572009825165,-0.49764895541846454,False
0.5293796326426374,0.4799999999999999,0.32001471016290267,0.42124939330328093,0.5080667419038271,True
-0.2813698750377953,0.5199999999999999,0.64,-0.43125527749930304,-0.4714910939801235,True
-0.8239904367087529,0.5199999999999999,0.52,-0.4304503831597527,-0.5121045626860514,True
0.45913519928328794,0.0,0.2332513215775309,0.17844634558556477,0.4862584610061024,False
0.7620998567613375,0.4799999999999999,0.399962301725394,0.4233860951333803,0.4820617892248001,True
-0.9174722376188322,0.0,0.24,-0.17619388489061202,-0.4931577254360078,False
-0.6502644770680412,0.5199999999999999,0.36,-0.4307583310161142,-0.524111528540863,True
-0.15980517020003338,0.5199999999999999,0.43999999999999984,-0.4307097973763558,-0.47976821876011794,True
-0.31878684139463154,0.5199999999999999,0.44,-0.431033157669814,-0.45532248067646175,True
-0.9104621683897436,0.0,0.24,-0.17604328682020418,-0.48698262353629757,False
-0.7742173721828249,0.5199999999999999,0.36,-0.43129292031635363,-0.5183039866486086,True
-0.12391702427004514,0.5199999999999999,0.2399999999990279,-0.43108013288826585,-0.48580025548883315,True
-0.8578535919527757,0.5199999999999999,0.36,-0.4303631367674241,-0.5236933642143742,True
0.6324902153144087,0.4799999999999999,0.4799997666434303,0.42206218364811915,0.4962931070205387,True
0.7322312965853692,0.4799999999999999,0.3600000000336816,0.42283791783545194,0.4819950469531588,True
-0.7377603161622364,0.0,0.36,-0.17636111499862658,-0.5034451815786783,False
-0.6135611006523491,0.0,0.4,-0.17625362280653098,-0.49869415160273095,False
-0.12501449645233986,0.5199999999999999,0.2799999999996868,-0.43086245297978093,-0.5049766452364695,True
0.9418506493539684,0.4799999999999999,0.24005693274366297,0.4204646345770413,0.5062845079277223,True
0.5477219285552488,0.4799999999999999,0.2399957861064721,0.42165086864342216,0.4881186848633469,True
-0.736447056581155,0.5199999999999999,0.44,-0.4304498171252662,-0.5284600786472272,True
0.8543597273626451,0.4799999999999999,0.27999902726530096,0.42034402624806816,0.49019100186359493,True
0.6555931594914177,0.4799999999999999,0.3199988417866747,0.42196991942754875,0.48267661451191873,True
-0.21453666927934734,0.5199999999999999,0.28,-0.4306901318282104,-0.48232276356555426,True
-0.7188587077499675,0.5199999999999999,0.56,-0.4309804780819916,-0.5068386914593455,True
-0.8957273216142956,0.5199999999999999,0.32,-0.43129216666429526,-0.5107715439357225,True
-0.8145413691623893,0.5199999999999999,0.52,-0.4314244638955822,-0.5282713293375692,True
0.7739792607270293,0.4799999999999999,0.2800001232792811,0.42288705043043745,0.5033481672473984,True
-0.6636980655679385,0.5199999999999999,0.44,-0.4306414226131314,-0.5066461422238212,True
-0.2742267761692043,0.5199999999999999,0.28,-0.4307701488457737,-0.4686484971914552,True
0.3085637715118159,0.4799999999999999,0.31999855060321436,0.4222659683494814,0.46892123330653146,True
0.2096439067199911,0.4799999999999999,0.360032435408761,0.42301520854976615,0.4983010437703831,True
-0.21001425550786568,0.0,0.36,-0.19239100273051904,-0.4477035197581687,False
-0.25078919961669,0.5199999999999999,0.44,-0.431325028017189,-0.4841695631423817,True
-0.8738544564630559,0.04,0.52,-0.17742441423835678,-0.49935286215976965,False
-0.14208194433567622,0.5199999999999999,0.3999999999999984,-0.4311713898701316,-0.4557832549787704,True
0.4394418521078336,0.4799999999999999,0.24000085815864544,0.4234245411419389,0.48870589249908036,True
0.5360617800759568,0.0,0.24000173765436114,0.17820595377720982,0.47792952673842376,False
-0.6112637086371018,0.5199999999999999,0.2,-0.43057826364369056,-0.5213427176444523,True
0.7257415381841983,0.4799999999999999,0.28000288603147694,0.4218378276401016,0.4948275634833334,True
-0.9425560934405723,0.5199999999999999,0.36,-0.4311805488969431,-0.5151183074062022,True
0.8042576333249432,0.4799999999999999,0.3200820970706518,0.42295690424291443,0.5133203083129523,True
-0.5269082401532734,0.0,0.32,-0.1762569000189618,-0.4833619548971028,False
-0.7428314785380734,0.5199999999999999,0.32,-0.431121714945778,-0.4896331166380506,True
-0.36424842394127954,0.5199999999999999,0.28,-0.4313184971090245,-0.46393645924772065,True
0.6975225910327618,0.0,0.26268374560034874,0.178367302782965,0.5000363556681467,False
0.6645954934224534,0.4799999999999999,0.4400000010119966,0.42277760321632324,0.5063586184579827,True
-0.30869729503612064,0.0,0.36,-0.17627552314634715,-0.4599551633419216,False
-0.520057623325159,0.5199999999999999,0.36,-0.43127079523410283,-0.5222025078614325,True
0.07157510697506053,0.0,0.32007106200104574,0.17973219010016322,0.4867048925317327,False
-0.4570661283577746,0.0,0.44,-0.17575310930755944,-0.4473024574849554,False
-0.9311382511112467,0.4799999999999999,0.48,-0.3826207997687799,-0.48229905226106196,True
0.2541711804429665,0.4799999999999999,0.44053416030538883,0.4225737345234333,0.5261682521425598,True
0.04040092189137279,0.4799999999999999,0.3999998021000461,0.4244853200450659,-0.48721943159322895,True
-0.9160883717991535,0.0,0.52,-0.17624602483790788,-0.5075779738501134,False
0.5149455379182974,0.4799999999999999,0.3599671611110493,0.4221524917190107,0.5002216061305641,True
0.9766995259110038,0.4799999999999999,0.44507264333579327,0.42012921581307666,0.500384056528591,True
0.6028019164456295,0.4799999999999999,0.1599994246419057,0.4220538748481756,0.4950250428114867,True
-0.3120378273480182,0.5199999999999999,0.44,-0.4312132648472221,-0.4771880329358856,True
-0.32921751498277985,0.0,0.24,-0.17568557934427556,-0.45825527066541377,False
-0.29685719400447175,0.5199999999999999,0.32,-0.43124816984856906,-0.4732849660981387,True
-0.11410864130415055,0.0,0.43999999999824013,-0.17625825864609826,-0.4689071110523035,False
0.1589868704391757,0.4799999999999999,0.15106597460708607,0.4244114156611502,0.5192193609079044,True
0.2351218184716899,0.4799999999999999,0.39777982545093055,0.4228929696581494,0.5252954016802008,True
-0.6457650240656794,0.5199999999999999,0.32,-0.4314259712836684,-0.5081882769519032,True
0.7299635770943407,0.4799999999999999,0.4001758095311246,0.4219006304772937,0.5174914110844641,True
0.4205413812286578,0.4799999999999999,0.21602076110917853,0.42227955812083384,0.4694506504568839,True
-0.6587366231297427,0.0,0.32,-0.17637287101488952,-0.5161766859824544,False
0.7101653185670391,0.0,0.4309442995154892,0.1768963629248569,0.48552253416038443,False
-0.9602867561216015,0.5199999999999999,0.36,-0.43074267350887896,-0.5361910580678655,True
0.2833674639777284,-0.68,0.3987211608240887,0.20481822062823724,0.48013624624868223,False
-0.6753312946607994,0.5199999999999999,0.44,-0.4305654082703227,-0.5248972177058807,True
-0.48489901903712096,0.5199999999999999,0.64,-0.431361050833602,-0.4724311685025875,True
-0.3147870799605812,0.0,0.48,-0.17561853234349611,-0.4816172031605727,False
-0.9877117160140751,0.0,0.2,-0.17556624884537866,-0.49888954313549927,False
-0.12289787886051395,0.0,0.2399999999999903,-0.17637099197317566,-0.4595529908787812,False
0.5940882219258596,0.4799999999999999,0.3601796666431019,0.42325334374388685,0.4947608809115017,True
0.35132987737197263,0.4799999999999999,0.3200011545594791,0.4224088746735747,0.5108511675365282,True
0.09004617628382094,0.4799999999999999,0.3206633598192204,0.42432954126288364,0.4573757327184211,True
0.12845398439283073,0.4799999999999999,0.43161626157245137,0.4240367345814131,0.5046794149462377,True
-0.9720317014541049,0.5199999999999999,0.36,-0.4312260810042099,-0.5365628925483193,True
0.21795427879648455,0.4799999999999999,0.4000000499900341,0.4236204354246733,0.5205722728256555,True
0.977132760790528,0.4799999999999999,0.3319844818184543,0.4209515076434568,0.4807374655449561,True
-0.5517859526437803,0.5199999999999999,0.64,-0.430386911657,-0.5322918398651794,True
0.17443543640903703,0.4799999999999999,0.35999937537626786,0.42521971506583517,0.5169886818064278,True
0.6701158990343501,0.4799999999999999,0.44003224360357424,0.4228848691540075,0.5064457302348279,True
0.584995151442286,0.0,0.3999401894634994,0.1764534300141421,0.46282445700931607,False
-0.34154400904641746,0.5199999999999999,0.44,-0.43044373873779385,-0.48863278050857045,True
-0.28559488045619386,0.5199999999999999,0.36,-0.43083976438439225,-0.48085587627979204,True
0.9202259252664138,0.4799999999999999,0.3200134017908633,0.4220316518337665,0.4897070015129645,True
-0.5524088147233852,0.5199999999999999,0.32,-0.4311288325166379,-0.5324415456773316,True
-0.5769265781784456,0.0,0.28,-0.17540898593823798,-0.4942516376761098,False
-0.6921696696890458,0.5199999999999999,0.44,-0.4313848480056187,-0.49911205145073456,True
-0.008208309640174827,0.0,0.32192830055801536,-0.0562765528221502,-0.47211232114612306,False
-0.4774104396520944,0.08,0.36,-0.3151698088555055,-0.46592557653779554,False
0.11137288611921403,0.4799999999999999,0.25825520116585915,0.4255747362042075,0.4767886863711056,True
-0.8541679918730956,0.0,0.32,-0.17634933800512054,-0.4870037934956111,False
-0.24296632271958774,0.5199999999999999,0.24,-0.43132290231070686,-0.4713596299397558,True
-0.07782194755604244,0.5199999999999999,0.4399999686314267,-0.4307156171787849,-0.4770508398284653,True
0.5570808918106516,0.0,0.4399952231519361,0.1770697884123928,0.4827145458124406,False
0.4408854351909839,0.0,0.4800110400928312,0.17796874773391028,0.503987323159111,False
-0.5375910378988389,0.0,0.32,-0.17615559881046605,-0.4804469663758296,False
-0.9509112154591586,0.5199999999999999,0.16,-0.43124545741791787,-0.5340904380302867,True
-0.4852701181713397,0.5199999999999999,0.44,-0.43056042126288846,-0.4669115159697904,True
-0.1797679402363852,0.5199999999999999,0.36,-0.431010369887156,-0.4720455915157092,True
-0.9832020087133453,0.5199999999999999,0.4,-0.43128137016244483,-0.5280984085225353,True
-0.056902106642827244,0.5199999999999999,0.3599332194787239,-0.43118585055960434,-0.4822275183181407,True
0.7048442217114559,0.4799999999999999,0.39999999523421914,0.4239121552627809,0.49866913347117303,True
0.8463593966975385,0.5199999999999999,0.2799986373675948,0.4198577173182879,0.49484826334491505,True
-0.537127732172298,0.5199999999999999,0.44,-0.4306886755688389,-0.5149081712276204,True
0.9819098289546575,0.4799999999999999,0.35999946941814626,0.4212269099221665,0.4829723055952148,True
-0.9880042071086206,0.0,0.52,-0.1763349513650118,-0.49156112377692035,False
-0.32949895526086737,0.0,0.4,-0.17628053783285857,-0.456899641235995,False
0.5785162258859469,0.4799999999999999,0.4925672997173656,0.42215860636239666,0.5132556727746441,True
-0.8029769695888547,0.0,0.4,-0.17611669621927364,-0.483923373795548,False
-0.11533550144127558,0.5199999999999999,0.43999999999872136,-0.43138607139873386,-0.48629503997861384,True
-0.23866135103762498,0.0,0.48,-0.1760209351634522,-0.4616063254172876,False
0.6651969382115879,0.4799999999999999,0.34196093263347715,0.4215895046761837,0.4460643731775495,True
0.4239243706907272,0.4799999999999999,0.36012043178867437,0.42183850553992874,0.4982510374345349,True
-0.28999834856300977,0.5199999999999999,0.44,-0.4307430150809386,-0.4679704272301427,True
-0.9507273310068334,0.2,0.4,-0.38083639851000506,-0.5013069015748803,True
0.38702503785496534,0.0,0.2799999814020458,0.17697777051284566,0.47426525853091234,False
-0.15757611724450116,0.5199999999999999,0.48,-0.43055350970143613,-0.49382998127677674,True
0.7166988863970556,0.4799999999999999,0.4799505291167388,0.42065558460505076,0.4919997683769777,True
0.15014710757959615,0.0,0.5541691192630401,0.17889662109435256,0.4803474131608669,False
0.8801247243216561,0.4799999999999999,0.3600571328202859,0.4206440165152942,0.5166543888677165,True
0.7605110388681544,0.4799999999999999,0.3599940597198426,0.42303392893549296,0.47731209453469664,True
-0.08370993889476375,0.0,0.3599999877037386,-0.1757885709676586,-0.4564158490141038,False
-0.9653798649357619,0.0,0.32,-0.17540092008284022,-0.4871371216145041,False
-0.8626907172379057,0.5199999999999999,0.4,-0.43138645614852983,-0.5322076091723253,True
-0.35878396772399834,0.5199999999999999,0.24,-0.4310846142347958,-0.4731284435829868,True
0.18460377375092407,0.0,0.12000098140004625,0.18017688646749183,0.5217722612954103,False
0.2201048766354663,0.4799999999999999,0.12000000098671199,0.42293124402989196,0.5449873472860838,True
0.024855006725428508,0.0,0.1595102576582753,0.17969555152004324,-0.46638384367537067,False
-0.7104870833195915,0.5199999999999999,0.32,-0.43131868955233293,-0.49505856244472995,True
0.7536173864059885,0.4799999999999999,0.15998943734714413,0.4218346216195497,0.49207459912460677,True
0.47647035834613316,0.4799999999999999,0.3599999842374646,0.421647268880854,0.4886221743711783,True
-0.25335923221429413,0.5199999999999999,0.32,-0.4309195404889242,-0.49269299757417295,True
0.6573727662519795,0.4799999999999999,0.3553241059629553,0.4207333444784861,0.49009526159944683,True
-0.8195209250168061,0.5199999999999999,0.56,-0.431382689129189,-0.5059867941165117,True
-0.8719935625553692,0.5199999999999999,0.32,-0.43131186131558563,-0.4867477428857718,True
0.011793896934597425,0.4799999999999999,0.1910044698831509,0.4230861472844955,-0.469043396086929,True
0.8668534228695841,0.0,0.252090410161394,0.177923337355596,0.46852981989861237,False
-0.7020761640866631,0.5199999999999999,0.44,-0.43125476990789946,-0.5366675643700883,True
0.13895758641314115,0.4799999999999999,0.35610314990885056,0.4233097642266493,0.5207522959611263,True
-0.8805026900491031,0.5199999999999999,0.44,-0.43056619307788463,-0.49256913371631145,True
-0.6614441462720495,0.5199999999999999,0.44,-0.4308780919242357,-0.530074562519601,True
-0.8619432798417683,0.5199999999999999,0.36,-0.4313181639202695,-0.5072788757139748,True
0.812044902177762,0.4799999999999999,0.399994678963311,0.42179747188730327,0.46046425514556916,True
-0.10517987949867469,0.5199999999999999,0.6799999999415449,-0.4309016145577449,-0.4625271173428216,True
-0.7872295988583169,0.5199999999999999,0.4,-0.43048157725379715,-0.5224732087323116,True
0.3305195570535253,0.0,0.2800000019803177,0.17747857382766652,0.4782902274423373,False
0.004546754288793808,0.4799999999999999,0.34215736381018114,0.4092019770179759,-0.4744421925240257,True
-0.18158723589364256,0.5199999999999999,0.4,-0.4313627576544594,-0.48214084112856864,True
0.45598694067624623,0.4799999999999999,0.2515503803462589,0.4232537357125596,0.5124259769931566,True
-0.6558191814232601,0.5199999999999999,0.24,-0.4303938252992596,-0.5247224999842055,True
-0.2310782167962353,0.5199999999999999,0.32,-0.4307849369759578,-0.4855390990464027,True
-0.4659977249649361,0.5199999999999999,0.36,-0.4312462687109849,-0.48392873446658713,True
-0.3835582528591057,0.5199999999999999,0.28,-0.43115103111198533,-0.48905106275589033,True
-0.6453943940837341,0.5199999999999999,0.28,-0.43093817746365376,-0.5139951720706538,True
-0.03488304455474123,0.5199999999999999,0.4829985617295278,-0.42778981625212836,-0.48231592500994597,True
0.25943439173863103,0.5199999999999999,0.3511454902362221,0.4103247389399707,0.49298907514069606,True
-0.880893352351132,0.5199999999999999,0.44,-0.43098867424314957,-0.5392446126894601,True
-0.6062254631219632,0.5199999999999999,0.48,-0.4313530260107761,-0.4892456281872796,True
-0.44158312953638545,0.0,0.44,-0.17599930175394973,-0.44249834781346004,False
0.41564121622317485,0.4799999999999999,0.36000631680167905,0.4221786892127407,0.5188891858250376,True
-0.3451418295682367,0.5199999999999999,0.32,-0.4303947578262963,-0.48320668506177517,True
-0.14941191219181227,0.5199999999999999,0.47999999999999865,-0.4313861462899405,-0.4902430259474853,True
0.40953500136403065,0.4799999999999999,0.5200021029588348,0.4228121564736229,0.5062160636608132,True
-0.681845659472825,0.5199999999999999,0.4,-0.4313669131019113,-0.5122826393128763,True
-0.12119222222936155,0.0,0.3199999999998663,-0.17566246319446505,-0.4454713034119278,False
0.25865997190101875,-0.28,0.20001143609138972,0.4252603141929027,0.46919456398206005,True
0.8501161992877881,0.4799999999999999,0.3725981043303082,0.4204029624270206,0.49580232501319116,True
-0.2860240733163677,0.4799999999999999,0.4,-0.43027490818136227,-0.467395113601997,True
0.6382668934875566,0.4799999999999999,0.5205968997551212,0.4232160717871822,0.49515982729434266,True
0.2802855793139163,0.4799999999999999,0.5199948646994641,0.42240909671513416,0.48902169448291105,True
0.4301049861524462,0.4799999999999999,0.3600000033725743,0.4248656024846303,0.5168358204511152,True
0.476845033651633,0.4799999999999999,0.19999844806874612,0.4216043508072661,0.5212771694928955,True
0.9419992251559439,0.4799999999999999,0.2800000021771537,0.420857139106974,0.4788008004669327,True
-0.5079015248709207,0.0,0.28,-0.17632899707320293,-0.46194477981687626,False
-0.9148368393088191,0.5199999999999999,0.36,-0.4311189788125913,-0.5325650481855035,True
-0.5044054529883206,0.04,0.32,-0.17660947295142437,-0.4497777819554577,False
-0.909966726514851,0.5199999999999999,0.36,-0.430552246032034,-0.4864209821461965,True
0.41092325373304583,0.4799999999999999,0.42728457950791765,0.421893019601014,0.4947331112993246,True
0.6694135411177649,0.0,0.43999983324014696,0.1778208251843381,0.4640476129736141,False
0.8682717100488841,0.0,0.40028259503003993,0.17632260086045193,0.4721605377586421,False
-0.05841328820788605,0.5199999999999999,0.399997573315709,-0.4309657920031514,-0.4738010480854224,True
0.024719034272454365,0.4799999999999999,0.43999179385939996,0.4248483336160701,-0.4816039019102137,True
-0.4740390464514672,0.0,0.52,-0.17560329443466413,-0.4577871470408944,False
-0.8022065817162856,0.0,0.36,-0.17566379966132598,-0.5017548798911239,False
0.5976927135686472,0.0,0.19894974143798935,0.17596540297061253,0.48445438235583976,False
-0.7143944472684476,0.5199999999999999,0.52,-0.43067875436629516,-0.5178260860276459,True
0.611331571169105,0.0,0.3332670398690988,0.17704614978964006,0.4558317722700124,False
0.7590522018659067,0.4799999999999999,0.43999983952183863,0.4231861597878881,0.48137681265515114,True
-0.00015967160814178705,-0.4799999999999999,0.23668036428438916,-0.06248104917400585,-0.4750447057567369,True
0.8285038817358616,0.4799999999999999,0.41329366294326186,0.42203286952525937,0.5036386629727303,True
-0.17517481708576055,0.5199999999999999,0.52,-0.43119464021072734,-0.4884762468522413,True
-0.5992528254291993,0.0,0.32,-0.17571347459865735,-0.4816182674754745,False
0.28714221715267096,0.0,0.3199999034806249,0.17746559502817727,0.4793896757374702,False
-0.20026971378929503,0.5199999999999999,0.44,-0.43097893082075867,-0.4696625440413583,True
0.22846299587867214,0.4799999999999999,0.4692673892149589,0.4226705022944153,0.47893128904029386,True
-0.12537720659793639,0.5199999999999999,0.3199999999995224,-0.4309184197982127,-0.47957165017753206,True
0.18620749331163045,0.4799999999999999,0.36536355643224555,0.42485010384918165,0.5017622022945741,True
0.9028800215210848,0.4799999999999999,0.24925454035156125,0.4203634300410146,0.49210949847900415,True
0.10624086783360887,0.0,0.4399980858519545,0.17875888703611123,0.49007514183236284,False
0.8074707144482973,0.4799999999999999,0.20916601404745416,0.42055821912501035,0.45992182711033147,True
-0.72299049025637,0.5199999999999999,0.36,-0.4283592568308985,-0.4931891022675911,True
-0.9969124748576477,0.5199999999999999,0.36,-0.43099456019594673,-0.5276648705963601,True
0.2256686910470742,0.4799999999999999,0.28000000298234223,0.4248260812391898,0.4990007278297585,True
0.08340586046664078,0.4799999999999999,0.27614813147642947,0.4247347653558247,0.49702749358554127,True
0.5612613170523424,0.0,0.35939256712683165,0.1769974478765334,0.46677508022361663,False
0.6429879074042721,0.4799999999999999,0.3199874124657094,0.42252058404009724,0.5057941359875612,True
0.9068195122765796,0.4799999999999999,0.3999996803453649,0.42176838399645816,0.48859496427527993,True
0.21991218331441909,0.4799999999999999,0.44021452616082174,0.4234049666862114,0.47707985184430857,True
-0.41983635624706506,0.0,0.44,-0.17637927135670267,-0.45048991091528867,False
0.6536159878355903,0.0,0.20000502030492723,0.17700816703601535,0.467865549125416,False
-0.24796621254841922,0.5199999999999999,0.4,-0.4312721351067202,-0.4675873717912308,True
0.21835405185758905,0.4799999999999999,0.3599593105444835,0.42318084982154713,0.5178716207005348,True
0.2400431134418357,0.4799999999999999,0.4293756708965212,0.42276116716895995,0.49802096559731934,True
-0.11700006017921316,0.0,0.31999999999997064,-0.17640736313184568,-0.44803301482316904,False
-0.6024562093745633,0.0,0.56,-0.1763246679476201,-0.5030230001827876,False
-0.1120927581729132,0.5199999999999999,0.2799999999990057,-0.4312549019313368,-0.48996164684379934,True
0.8495346886438624,0.4799999999999999,0.2523364629888736,0.42015416965907726,0.5211853511137312,True
0.3428687194128772,0.4799999999999999,0.3599979882471898,0.42240740788212205,0.497222318164891,True
-0.8369538067422413,0.5199999999999999,0.28,-0.43138640692075,-0.532450131015559,True
0.14531849791782214,0.4799999999999999,0.3136017076936363,0.42321106201545017,0.5157969296890742,True
-0.758675604487997,0.5199999999999999,0.36,-0.43128931873916965,-0.5047793812060496,True
0.9999274475572788,0.0,0.28000260628984197,0.17377082165061655,0.463780840764099,False
0.9947606945006218,0.0,0.4284967705939463,0.1752379674362462,0.46784110813761043,False
0.3894242854738166,0.0,0.43999958514326465,0.1772244670271055,0.4996259760103747,False
-0.2522403118036456,0.0,0.36,-0.1762676536516371,-0.46451890762093134,False
-0.19697842206669125,0.5199999999999999,0.28,-0.4308617144637149,-0.4746189296126441,True
0.8501988260096942,0.4799999999999999,0.20000035086047663,0.42203575543790417,0.49701772709445946,True
-0.5102823164545303,0.0,0.36,-0.1755487242957785,-0.4726689784423962,False
0.32802536078763556,0.4799999999999999,0.20000794861348709,0.4224982415904182,0.5052061687493693,True
-0.03755849785671739,0.5199999999999999,0.4781014484604433,-0.4290439921381789,-0.48087324618127664,True
-0.9301128821656255,0.5199999999999999,0.28,-0.43051020070624424,-0.499379621514682,True
-0.778209076129248,0.5199999999999999,0.44,-0.4309772781174462,-0.5217703296300867,True
0.7907387599342337,0.4799999999999999,0.35995484059690397,0.42315818704209807,0.4779676408622123,True
0.7842022760344995,0.08,0.19990322447143694,0.17364564286981873,0.4893628715939156,False
0.8303219756182432,0.08,0.23999880937458487,0.17595465287422896,0.4781329016732252,False
-0.385196658087255,0.5199999999999999,0.32,-0.4306356260139567,-0.49676558158937084,True
-0.4031607403259112,0.5199999999999999,0.48,-0.4304544532321511,-0.4899464485423362,True
0.3185037178528096,0.0,0.3200001882027181,0.1772538169309057,0.47920610580875433,False
0.19027544521588058,0.4799999999999999,0.1599998045301572,0.4245909564154966,0.46045966174931763,True
0.968738023303894,0.4799999999999999,0.3599996282227882,0.41983631010496913,0.4794769037044339,True
0.23124451384667455,0.4799999999999999,0.29619538156674197,0.42282905146067173,0.47323562710651734,True
-0.6905673447553602,0.0,0.44,-0.1755638068179816,-0.5065708404200389,False
0.6629389304794302,0.4799999999999999,0.3199456498370486,0.4220215919851029,0.5117148598711797,True
0.6313941416728286,0.4799999999999999,0.24055813642125431,0.4238464527559685,0.5077802598242979,True
-0.8159162484322622,0.5199999999999999,0.28,-0.4306868536213837,-0.5277936737335883,True
0.7755798057734451,0.4799999999999999,0.28028319527274925,0.42195147121454635,0.505780645712665,True
-0.9671218837685573,0.5199999999999999,0.4,-0.43036912530580435,-0.5224495074012421,True
0.7278602269416119,0.4799999999999999,0.24000000735445576,0.42182821073489835,0.4968554936142942,True
0.7975413809458498,0.0,0.20001387902236445,0.17845808521021592,0.47297531519455877,False
0.7007331340335248,0.4799999999999999,0.28000041729953123,0.4219205138454385,0.49113352523281645,True
0.3057387257182964,0.4799999999999999,0.4979482625957114,0.4222845977631885,0.5042292218496862,True
-0.34248951806992256,0.5199999999999999,0.16,-0.4306857480172917,-0.4484400926699396,True
0.09075865799716354,0.4799999999999999,0.3999997234625272,0.4244316370317315,0.5365375593521214,True
-0.5241296636934243,0.5199999999999999,0.32,-0.4306205790480031,-0.5051835220275379,True
0.743569315886895,0.43999999999999995,0.24025476231040366,0.42219501666695136,0.4997687127573151,True
-0.6465325154794606,0.0,0.48,-0.17615717126506203,-0.5038508589798645,False
-0.2587282656850938,0.0,0.56,-0.1761725717680466,-0.45914954497180593,False
0.5191690575584382,0.4799999999999999,0.3599280628141338,0.42210165530930654,0.5004234861702912,True
-0.3876321819813573,0.5199999999999999,0.52,-0.4312779394074546,-0.48704198788091396,True
