v6,Clique_v6,ICI_v6,SHAP_v6,LIME_v6,z
-0.08703624965539533,0.22619282,2.6412568146182354,-0.15776686135081644,-0.3822909120459978,0
-0.5950441508786021,-0.45790207,1.2453488908924781,-0.7849586301402426,-0.8412484811757881,0
-1.2617153718684657,-0.15583718,2.2811301464586533,-1.4522098770083105,-2.380189048942826,1
-0.8278004550034259,1.3608149,6.50746673679554,-0.837710860363131,-2.7268828128639706,1
-0.027454291990834857,-0.04950464,1.2259979721462833,-0.22782918471742167,-0.46562922988123967,1
0.6234078544512317,0.5803362,2.9900207359981996,0.4910652662203635,0.47281138762675956,0
-1.7902776635841406,-1.3743995,6.254861735370369,-1.1978396418631017,-2.626675918953074,1
-1.0482975103116827,1.1392499,3.2572532826937097,-1.3348244203940187,-2.505449538404442,0
0.15330392785070768,0.66823614,2.568061433481389,0.053146225200194804,0.7492240962821018,0
-0.1112050584200297,0.10051403,1.8743353041538449,-0.20175938260083828,-0.6310733347006247,0
0.038376218187352935,-0.015037613,-3.4203837177219953,-0.1504891030595211,-0.52728144920811,0
-0.585744610537215,-0.5664435,3.0594246462490524,-0.6956653504948713,-0.8379013167907678,0
-0.9368049194889561,0.65563875,2.079221899633201,-1.0929579969235685,-2.700086857373108,1
0.5190363685645406,-0.4151658,2.4204470551283457,0.40514295585504645,0.7141873734271039,1
-0.7023275863939061,0.91602373,2.599519574632958,-0.7158907654211841,-0.5238725726612882,1
-1.0848731938474754,1.10066,1.7333367579149555,-1.3066036735926612,-2.4214182639944646,0
0.4395392672134519,-0.72324455,-0.4731682140381004,0.27665308955485085,0.8456036973812306,1
-1.2989978636525736,2.1244063,-3.2399117271861964,-1.7824224820085988,-2.7035478420726404,0
-1.5890892603787605,-1.338102,4.269791653401396,-2.0353359814283802,-2.6008763950313853,0
-1.1746056904054603,-1.5055188,4.303981120419164,-1.1885857521276955,-2.8348971424341376,1
0.4873605072290462,1.0046802,1.30423296915722,0.5073346421599209,0.5447862407224211,1
0.3487385209499983,0.4743381,2.5794616241140638,0.3495482271300595,0.5697865798579513,0
1.8389089056563017,-1.1642338,7.90999975260547,1.5298520949789782,2.7455907139452496,1
0.9355426130513789,0.99578524,3.6402336300139067,1.4134512739423202,2.715886925902763,0
-0.47092148289010066,-0.23554352,2.407705759119517,-0.7299069745835384,-0.5345802288791113,0
-2.7776047050949626,3.0128188,12.351080480233833,-3.492864166262673,-2.403857222545142,0
1.6606015415409956,-1.7027786,3.6640090070535987,1.717659672036109,2.5500344674080986,1
-0.9025714559695422,1.2383275,4.838706454783839,-1.2719702862910816,-2.489271623309073,1
-1.6720165213470601,-2.2007697,7.230851469386332,-1.6602279965725963,-2.4466490442432476,1
-0.03358709204007444,0.06622282,-2.338033613926544,-0.13104539200789148,-0.5138596938588701,0
0.5324980475502928,-0.49082458,1.4566770662962978,0.46717236861158123,0.6559452589667372,0
1.6818206887939713,1.6502392,7.417674697859867,1.8470502823114097,2.7140065702661746,0
-0.8111516410645202,1.1831554,2.2009476258064944,-0.9638462828458032,-2.879180299032298,0
0.8994572212643285,0.72452945,2.297381734221385,0.878804711470327,2.8013390989596165,1
-0.40927094773878275,0.71003366,1.6507138078212427,-0.6975040835711315,-0.6477002147801694,0
0.1900367019460177,0.13448994,2.3887731291877516,0.174762968187154,0.5577898937722131,0
0.01523933796824084,0.08400648,1.7486723746397532,-0.1286392082499662,-0.7033294081037621,1
0.3400119407580284,1.5485871,1.116025194117627,0.1923172997135318,0.8889651779999168,1
-0.8049591836249439,0.93185914,3.5916966663037284,-1.1782256898739178,-2.501606601579645,1
-0.11515830559256181,0.45856643,2.740746134248244,-0.2690004714514831,-0.3633882026428207,1
1.0932965802252188,1.5067028,3.8121406946292695,1.5581003123514892,2.7084446644929154,0
1.3307518162411693,-1.2669698,3.6165611837910165,1.0624302109097246,2.694215766747751,1
0.010235437695264984,-0.056240443,3.6728127782827644,-0.04543670954885196,-0.4829788540544281,0
2.189260274863795,-2.0225315,6.736080232507088,2.153934434395299,2.379364411658941,1
0.43031130463090933,-0.60121536,-2.780068090397761,0.3447152603797606,0.5961321211307571,1
1.7494879836799184,-2.1660311,5.785568987842952,1.1609593096974073,2.5951669695180466,1
1.0908932270663863,-1.3356525,-2.512406148176403,1.7044210291504236,2.6125625526051723,0
-0.45698592935227494,-1.0346719,0.9580317310158155,-0.5256137780157193,-0.41458785692812083,1
1.314206685692395,-1.4871408,4.570113197625341,1.0688554398053927,2.4738992521887844,1
-1.3770074455943822,1.3512661,6.233048532842983,-1.7773161208062562,-2.4675856955858837,0
-0.14527386598742534,0.27507588,0.319568066434873,-0.34718902963590237,-0.6908241509161689,1
0.24623452564654094,0.39310515,1.7700797176127274,0.2721453234078006,0.5949780067899555,0
-2.444859862790522,-0.8401047,15.1457588204238,-2.7384538123550466,-2.6886600700012915,0
-0.6941919886496364,1.6894822,3.498932586903442,-0.8532613813878535,-0.9723420152657666,0
-0.4818287641544597,0.87480897,0.8376879638717547,-0.5779009871914131,-0.8609748435765566,0
1.425223609878045,-1.9265504,6.1779007882905335,1.603226081907912,2.5366890659835573,1
-0.7849352822783005,-0.6175134,0.23292237420349116,-0.7695355200452242,-2.5229870952327866,1
-1.6563465531260961,-1.5956236,7.019856084064791,-1.6905660219646577,-2.4243093181555744,0
0.37343671500789083,-0.12587431,-5.221259889601798,0.2644944269374004,0.6481907844445935,0
1.1544169615092195,1.3868283,4.355332860084347,0.8617291988174364,2.670257325687171,1
-1.2926132392933114,-1.2487683,7.589398533761477,-1.4768742120169784,-2.704334553242895,1
1.9614190778099672,-2.1841025,13.053701604642525,1.80491972655485,2.517686957258866,1
0.20682459364781425,0.5192594,-1.1158425191547603,0.07835128455855447,0.7936225682297218,1
-0.6761379090179389,-0.29726058,0.5736603949542638,-0.7061850614070674,-0.5153058321146451,1
0.9073675375854104,1.5176088,2.9428608618923513,0.9562216170801157,2.419053642821005,1
-0.1954916171896785,-0.37998104,0.19841577638783714,-0.3058795554496067,-0.9136364583768757,1
-0.004407146021958653,0.17529671,2.2926283522826525,-0.13459052969080632,-0.7583387690058095,1
0.3602708699501507,0.9078975,1.1448969999626901,0.3035307664218649,0.9155570065897727,1
-0.4815823237851892,0.7136615,1.3826872321086658,-0.7495111680504379,-0.7393774994295678,0
1.2735705449827288,2.0816352,4.039651474166718,1.4881506657710566,2.354341900266909,0
0.3654638159929028,0.18488464,2.734568867985439,0.22173644624086417,0.6662384638016601,1
-0.3537743349633057,0.8389027,1.3207364857058548,-0.5355176212433485,-0.6962303090501707,0
-1.389467504902555,-2.2931826,3.3718439571151118,-1.540379423645457,-2.681067464187627,1
-1.1446198555793625,-1.4405905,2.0625915234522676,-1.226309286944188,-2.5118473891429978,1
0.9710175521226514,1.3260134,4.197394727180417,1.4034879211691333,2.61731260119208,0
0.27769766648995986,-0.201197,0.6806242856830085,0.2841856026032633,0.538501242084501,1
-0.19390372581556722,0.95200515,0.49950244633363905,-0.2294212903033489,-0.5555073684139183,1
1.266498242034876,2.6338644,-0.2718612136221865,1.9379672132454984,2.4297776232392776,0
1.1619284517406034,1.9805882,4.718609827751744,1.4407028132296105,2.6787490955551387,0
2.0191708695148245,1.609874,10.395823725779037,3.062101760375074,2.6527718709751915,0
-0.7036501980995775,-0.7711925,2.6912667972338986,-0.9920418357026355,-0.7486208584791618,1
0.08045464969516991,0.10998806,1.9337960431714396,-0.005520176861892116,0.7507976462567627,1
-1.8173355911676896,-1.1744217,4.9453293376042105,-1.1301763726062037,-2.5371691888615087,1
-0.2946117275115301,-0.46193612,1.6068962432907363,-0.38934616872308064,-0.49437583139041835,1
0.31780648622797975,0.4269175,2.7102665946706277,0.22334464154312095,0.49560076827691557,1
-1.0126165229670527,-1.3777015,3.7896532869838127,-0.7590850888492028,-2.7086410266586096,1
-0.5692530450652737,-0.51316875,0.5605140983534209,-0.7410560702517965,-0.4920606160241833,1
0.24345242995463132,0.051923525,-0.5553019105933634,0.21143465334898295,0.6640146644991978,1
0.4482521369670475,0.5013523,3.27410119524981,0.45365854114391413,0.7377849852757072,1
0.8883685211373182,1.3202796,1.9876328780256831,0.8987945609245063,2.388629151683244,0
1.0117191359272903,-1.0972145,2.542230409501541,0.764889404216086,2.6951932959471896,0
0.7387473285022707,0.92677915,2.1681520275653363,0.8961033928935251,0.7570427095442805,0
0.5732769391269538,-1.1245273,-3.176281496519123,0.6199609442945082,0.5906858498197343,1
1.4201723244636804,1.9338611,3.8096190263377907,1.5452555764723455,2.456892962789329,0
0.930907709587458,0.7144903,2.9386012629823726,1.2422276600898114,2.661932621224853,0
1.598591258280679,1.9315523,2.9580638835594923,2.3993491736762427,2.4571585202011197,0
-1.3130328890302472,-1.1111197,-0.5578370812136244,-0.8426964886869497,-2.4646056364985633,1
1.3222554088066933,-1.3342279,5.04908687122802,1.1883738375878294,2.5855182783751633,0
-0.9596822994113875,-1.4886153,4.984794244886211,-0.8790203892777144,-2.4742217686037042,1
0.47278183181388234,-0.06008276,1.9671923979369883,0.4168662942267299,0.6354887353005774,0
-1.474930409179499,0.31135675,5.113013027731084,-1.902093299175405,-2.489195336271024,0
0.9633091593179609,0.34857085,1.7453775488971826,0.6573927166102316,2.5200109486497646,1
0.03376370894604722,0.30052578,1.5979466671051725,-0.0620602919359926,-0.5229202924196337,1
1.7165729646464205,2.3492384,6.763056122086325,2.7987516229860527,2.6079213995696557,1
1.9616657850163937,2.5741992,8.566699379129698,3.2828100141583767,2.5237258237193325,0
-0.8447002372256338,0.53934306,1.7651773462097033,-1.0450202624258955,-2.1147634533360944,0
1.2690392011863272,-1.6946435,7.317779509647171,1.5365004101746933,2.4674346751948626,0
-1.3143794153671449,-2.2186625,0.3747316065112749,-1.5403791947768066,-2.4694495599127593,1
0.2013435075777524,0.64169145,2.399366025900716,0.15715970853396433,0.6493204748410084,1
-0.18713287384567323,0.65025544,1.8508846061965576,-0.35342783429024754,-0.8238819327674298,0
1.3272693380991538,2.0507526,4.863339931839628,2.210547671670286,2.5919023109828014,0
-1.0091271357186746,1.4425503,1.8148318476323193,-1.067407243701747,-2.633731701079617,0
-1.7626559251821383,1.881968,3.2475244868821362,-2.344928558394327,-2.4716315363049666,1
-0.8349605259790281,1.5268326,-0.03960271041073504,-1.1860647946719853,-2.5447402211137216,0
0.26114690392388884,0.55815655,2.3766726057464087,0.27758285913414205,0.7726433636488866,0
0.5924621111426173,0.08970836,2.0436900531633277,0.5522310630375598,0.6070596397157635,1
0.5044702355393508,1.0266085,1.3285940566359873,0.39491736199640937,0.6482007408149553,1
2.2490198703146382,-1.6292872,10.165603398447804,1.7149564985598236,2.4658299429979613,1
1.7868496527870517,2.0948086,4.85702022673602,1.7870605382635336,2.455527298706697,0
-0.6668486106548142,-0.6509663,3.7222965087384225,-0.6471417952469048,-0.45408156637380687,0
0.7689147157073928,2.0437536,3.3936932656832526,0.9400632981342589,0.6758675098134561,1
0.6405715031199157,0.36484605,4.806379120242984,0.5932079563933274,0.8551870362819328,1
-0.7244045402738271,0.8923076,2.6049318812126527,-0.7792343513687202,-0.7577937487493839,1
1.0467566807459512,-1.5644172,4.522694001195446,1.1139994812940615,2.4779934820582805,0
-0.4832193198146556,0.3297103,1.838645416855139,-0.6954672332322779,-0.6930108799120545,0
-0.3080531908330371,-0.3035684,0.684222171409403,-0.3205282365573554,-0.7062690613571102,1
-1.8156513417336084,1.2600012,7.978907697629447,-1.9570521930252456,-2.572719557786918,0
1.4022418768053724,2.1410017,5.145712832891996,2.2649651145180236,2.629975691817495,0
-1.015468220901913,-0.67270553,4.94491741610842,-1.0021920356492462,-2.4820262400280724,0
1.0162532936073523,0.83998483,1.6617613560495017,1.2319140481274529,2.4190128288722303,1
-0.16918115657778493,-0.21534634,1.2407875803380586,-0.2941387017045254,-0.7879264706000682,1
-0.9682624827236769,1.2754868,3.7081757833156153,-1.2511417963743496,-2.501674556885329,1
-1.974357560354369,2.7892883,6.076869715200019,-2.4951735389111995,-2.618841540786792,1
0.6454745753588595,-0.8310308,2.616518424663229,0.7434838059660602,0.8225487731864716,0
-1.5270911511819705,2.0759466,1.857340509898121,-2.1006500287913163,-2.5214284749872675,1
-1.0484956354032415,1.7873657,3.7377027929233675,-1.0529802411752798,-2.4784634642481893,1
0.5599836437532105,-0.4015383,2.3363583907164305,0.47761411213662164,0.4091201020561411,0
-0.9386260120775879,0.72536737,5.167015763275697,-1.0467982149652748,-2.8806231756639917,0
0.9139406972905476,1.2094966,4.952384699667126,1.0376470142631706,2.5836446084627602,0
-0.2980612702207439,0.7967112,2.8956347931807005,-0.34942267164052465,-0.7492830295861613,1
1.0528129876711865,1.865745,2.360400801901288,0.9224370314351369,2.467182425344079,0
0.8596205422484935,-1.4191775,1.2950580850662838,0.9176575698098087,2.5506266579942953,0
0.22046802053476333,1.0361568,2.6065370916596144,0.16598652470030587,0.5480367229610287,1
0.01118683979235587,0.16838904,0.21532533456053016,-0.12414271205534055,-0.5453359731717027,1
-0.6046595025153209,0.9582151,2.5130539308281317,-0.7549044410319941,-0.7757875153599386,0
-0.39053105279760025,-0.47615868,2.0450221493430263,-0.5082884310653083,-0.9378338717452847,1
-0.28738084916684437,0.6281533,2.454886445548703,-0.4641600417656041,-0.5669246924708937,0
-0.47033082385191965,1.8225137,1.5591287529973736,-0.5805716844757068,-0.8249240973372567,0
1.0324253936668528,1.1530719,5.603181181564206,1.5246808589119396,2.525283338813882,0
-0.5629874260563809,-0.73350054,4.563379407860379,-0.7152170411956517,-0.7844761012897443,1
-0.018548826744990435,-0.029103393,2.8791802206396078,-0.10619119281840662,-0.4526306129277394,1
-1.98166281313458,-1.5105166,9.041403919118167,-2.119201627861858,-2.7931662970572617,1
-0.3713933990877826,0.4972966,-1.5319920097135595,-0.6082507091514526,-0.7637989613709731,0
1.9315361375576916,-1.68041,0.23939226557778603,2.987895943220789,2.472116269345099,1
-1.1529629764735907,-2.0693998,1.53494276120363,-1.2403019998787619,-2.392367609502436,0
0.7059657235002099,0.9619732,1.8365608062530563,0.6561289082299938,0.693391414750661,1
-0.7785597776810346,-0.78613955,1.8582500573365313,-0.5457013738119436,-2.4053804913355656,1
1.741605328353384,0.71701187,7.050728938966751,2.2678317755385806,2.373587023340742,0
-0.13508260238357267,0.53663737,-1.7874466319620432,-0.19651920197701592,-0.4789963850449775,1
-0.03075115972866816,0.1093923,3.5324819826211846,-0.09799066282345742,-0.7017407886019738,0
0.8752042699700723,0.2859076,5.177538867594456,0.7618502156384229,2.454631513554177,1
0.8578773454048109,0.9808513,6.939128595136432,0.8430074985053456,2.435363818949773,0
-1.4289432531318444,-0.9747051,6.214553534021538,-1.7059030290058494,-2.6599960808005156,1
-0.6815228805563228,-0.8798893,2.140519537858453,-0.6180843430545662,-0.8616153319258535,1
0.3894320859729577,0.9356256,1.2824070107758376,0.28915381944894636,0.5885864056105142,1
-0.012920654401436155,0.1319796,1.851510064370898,-0.18369911156955182,-0.4467057773435263,1
-0.2250198241736374,0.4809151,1.6472675266660652,-0.45373864015052623,-0.6750955866334495,0
2.000058752210708,2.2455804,5.532717337067311,2.518344672447487,2.429165685567883,0
1.1634156198920422,-1.5265616,2.8386315956063095,0.9358807553385098,2.615079812061334,1
0.36182883242863023,0.25743058,0.7317200610849438,0.5630259595234806,0.6403869541561736,0
0.8021128027669447,-0.9879667,2.93129500963829,0.6829806006956478,2.6519322633669806,1
-0.08846553209988196,0.13660826,0.9700211011975973,-0.15282669079046088,-0.6111470379602877,0
0.5325142400027242,0.6171444,1.3043326755075488,0.5716154432288656,0.47682480859109827,0
0.34467042187931973,0.5105296,1.2514269039905337,0.22603497285267,0.7331323242928276,1
0.7472462503932149,1.2406378,2.8427201936680357,0.8837815439311644,0.433079069972316,1
1.393711760573406,1.8168026,5.236932821549096,2.4026409474660504,2.837123686348522,0
-1.3165628948982264,-0.6561484,2.966065734732367,-1.5774288764854547,-2.312883173486981,1
1.2959891383714433,1.3829932,3.5850935256030545,1.9833144135884895,2.457464798429587,0
-0.5509388674018669,0.018070878,2.4741815527154696,-0.6735300543168153,-0.8427351963127194,1
-1.03009939083655,-1.2550229,2.7421264357698965,-1.1426872330732627,-2.5465053843269416,1
-1.6413970589735651,1.7747049,5.541226012449535,-2.178576532143613,-2.6855545133964243,1
0.38841822521238833,0.4640455,-1.1180236719057994,0.3411135196535495,0.5429116106856847,0
-1.1613164818260577,1.857624,5.602348986209089,-1.2202624651952254,-2.6493405904914833,1
-1.2483223109151325,1.6445388,2.207002666219813,-1.4643452148380094,-2.7009162903174806,1
0.6005326784716164,1.6115652,3.4368297865728654,0.4669652748277768,0.4894539412711654,1
0.24757400039802324,0.2784251,0.4447729684810082,0.21467146857502845,0.5819842929544021,0
-1.3737459475503455,-1.5457063,5.405938350121399,-1.5905046632398667,-2.541820778458792,0
0.5539158111193069,0.95358354,0.41412286995897496,0.6526628497959934,0.2891980367654301,0
-0.28644741622297587,-0.35481635,1.6555328566065106,-0.40916395222687973,-0.7762541332852007,0
0.3835601275885497,0.46725604,2.1761099919184974,0.2516613876298778,0.5480766391411724,1
-1.6013785550870248,2.4597123,11.291268584245977,-2.6719567682768757,-2.3351455078990906,0
1.2116949714662526,1.6990008,2.774902599607872,1.0601221147478657,2.7554774471300867,0
0.783645902552349,1.6903923,2.6786234477978716,0.6754487741148671,2.4457647988787574,0
-0.33309747886159624,-0.48373073,1.0197718250620822,-0.4494699390645209,-0.725472282565694,0
-1.553294060097257,-1.173672,6.074660056255207,-2.147267899941919,-2.6105112804313824,0
-0.008741224259323596,0.08740036,2.373974215290705,-0.18301730663324364,-0.7789129940237833,1
0.12258282197785558,-0.12173044,2.248164202334789,0.01208882116079593,0.5238700897667254,0
0.6259879193154012,-0.6733003,3.978167843489746,0.5208391417674398,0.6181357902170477,0
1.5814737165284516,1.5941074,7.565383384917784,2.693107164651249,2.6354075845525204,0
-0.31965821885708773,-0.2594234,2.6417849756337817,-0.48424625584699865,-0.5364868997753628,0
1.407090412478676,1.8578814,5.150431310769505,2.205352964808459,2.456895857490212,0
-0.30520000041273415,-0.091619395,1.9524964419820257,-0.37356383785148856,-0.5911454146890585,0
1.3595461660747241,-0.20059806,2.1288199295205006,1.1980869361328077,2.857762199926787,1
0.03025506286295135,0.8740953,1.5193312323191996,-0.07290270160720672,-0.4894537926129661,0
0.8997865277950561,0.8797548,2.76689473389644,1.0063108951519373,2.9156249943938146,1
0.9912323255048876,0.8444358,1.8547371470384586,1.007293950271354,2.7936193534537814,1
-0.3980147287573917,-0.2675507,1.6514961659583398,-0.5620983893251021,-0.7556990664967953,1
1.6907313267348116,-1.5063434,4.689205079141123,2.396549471953908,2.6638695738692086,1
-0.034866556166554215,0.3703177,3.641384684951346,-0.1360519754526398,-0.736539107897971,0
0.06163380640766275,0.10648841,1.2392194347225123,-0.013654840744987008,0.6268354487065654,1
1.570191957438344,1.4031279,3.892541590704295,2.1348586813362194,2.54142880400354,0
-2.2241034485340596,2.658631,7.187707124796503,-2.7636365835207446,-2.6666537880384498,0
-1.989525485730438,2.6361206,10.278715522702386,-2.54729909947198,-2.547789331000782,0
0.30714177180922525,-0.20668042,3.059990075723084,0.1810428628437393,0.5309343033453764,1
2.821965258988066,2.854599,12.02352723293301,2.779740449854578,2.7677659648773196,1
0.14446390724469116,0.48180604,1.7531059649812604,0.05270704714769863,0.4636706490781636,0
1.4582872438084833,-1.2249177,3.1527349992965084,1.6717018167085556,2.797886224055349,0
-0.8407648736018647,1.2748643,4.540994985751615,-0.9251387873348198,-2.4238130207829407,1
0.57477947895078,1.0879855,-0.07540835398068824,0.6878218082709128,0.5691267362222284,0
1.2487528538743065,1.7266487,6.006172680756141,1.7378162993498087,2.5720008001487793,1
-0.060260168879125775,1.1970614,1.2866333291011938,-0.10059373251861443,-0.586821150443846,0
0.9917126394309687,1.011046,5.938284993124863,1.4380373773537305,2.4455342796663264,0
0.12453736458588052,1.6597558,1.1961275062578496,0.041448620298901534,0.46324966474158474,0
-0.46338054638864123,0.6158453,5.757600376364451,-0.7047544777625016,-0.40593479969220897,0
-0.1713957548271396,1.2944326,2.030341934905797,-0.285519787705382,-0.7746266826831651,0
1.6791854931537689,1.6957791,8.970632230776852,1.641051027439849,2.4282167284042533,1
-1.1950100876997023,-0.44816577,6.2526491543852085,-1.823662089653051,-2.5408478777792642,0
1.0000457018873605,-0.8866171,5.507944958599377,0.7603233025124281,2.268843344155435,1
-0.8521637702106271,-0.033761922,2.124984162214448,-0.8572640589899762,-2.761827768963714,1
-0.5013305077651574,0.68154997,0.4740423413088698,-0.6671053450182076,-0.4730430217512847,1
-0.7504465279422071,0.60483843,1.700946860556477,-1.157255380548717,-2.523428196537643,0
-1.0463547601505263,0.7638615,3.6537445105065482,-1.1979943034513645,-2.5099315555976545,1
0.8478865367807551,1.2726269,1.5485771944320916,0.8795132107342415,2.820087623214691,0
2.6672513376019538,3.720205,8.226032891292576,4.402846359773342,2.327426551871223,0
0.74685562745742,0.9747653,2.8627265074676513,1.0791678456768443,0.24807937340910227,0
2.184620788930507,2.7839355,8.875958411582172,2.9624288289894234,2.544401589819768,1
-0.46416170899804166,0.43575087,4.996198755995683,-0.4907525232137658,-0.8471943935004413,0
0.6863892213499125,0.79238653,1.0705463236673276,0.9200273125485899,0.5800391439655179,0
2.6908137281575653,-5.024863,15.292166895774704,4.198767292753069,2.598444214458347,1
0.04163008343348604,0.026162853,2.441954614512317,-0.09770890814558934,-0.8485379164542926,0
0.09268767332160535,0.00871975,3.6852122988704656,-0.04896218283032757,0.5700016159685891,1
-1.5730564944590135,2.1415737,5.746107825348781,-1.6888815763975495,-2.4674966352946734,1
-0.7555592975475971,1.0160221,1.1203882723278624,-1.0836732199299857,-2.6858604787118074,0
0.4611846349928039,0.6946901,1.3162140370262152,0.4452084839241179,0.217224799215005,0
-1.1010156292979276,1.6997442,3.8824824672855245,-1.3593808343282077,-2.835880886666876,0
0.9562549992872694,-0.056667004,5.336411093424283,0.792112652612568,2.4412440637239903,1
1.3310441102096722,-1.4867146,4.778754486292502,1.1790435658816947,2.614665672587134,1
0.9688384575514027,-1.5095041,-8.021178491041228,1.4590264498781744,2.5082475969345643,1
-1.922682593980375,2.3966117,8.411900564302602,-2.3661730120243405,-2.570270825795863,0
-1.282610778655355,-1.1420084,4.948523094710957,-1.1335897726195499,-2.545441837707006,0
0.04094919900635091,0.14806503,2.2886296414672898,-0.04757242771712219,-0.6322126505738612,0
-2.0206619682238607,1.7836086,8.864857177382818,-2.4753741697791942,-2.4688419939403077,1
1.1008851159818311,0.66449004,2.607362806559628,1.5904300080955078,2.6166663338887273,0
-0.8740668304766257,-0.459659,-0.41961744658401967,-0.9929175500116735,-2.5209200438164228,1
1.1466433255623096,-1.332015,5.013989860383649,1.1817624105296862,2.730062725632828,1
-1.4078292220406077,2.8519852,4.284732725498057,-1.9114037184936645,-2.9010245943924255,0
-2.2532349606666564,-2.3769038,8.188751451206395,-2.876962544004409,-2.5040592093432297,1
-0.32744784311822517,1.0344621,1.5736361395931697,-0.5800870563387357,-0.6820015187282541,0
0.13506319978782283,0.079424255,1.2309144164750456,0.002849175054952488,0.6787642683469236,0
0.4960804712365986,0.6110079,2.6153749516808857,0.39667849138932143,0.6139472577482301,0
0.4331926166825008,0.35961196,0.43142793910908195,0.38948628043286126,0.6129943975335232,0
-1.3636885317039948,-1.4423425,4.762274319823507,-1.389800645396836,-2.4226051132067843,1
-1.0417837917262036,1.2733043,4.758812973321558,-1.3519834583788,-2.592234732485969,0
-1.7301794063935816,1.4843297,5.134961974622429,-2.06790431023845,-2.62085784648111,1
0.3122344810233731,0.2075017,0.9545806718958021,0.18764055344145106,0.7589049048864226,1
-0.4226104964827609,-0.39657685,-2.4036408104416975,-0.4920974252369419,-0.452645179261818,0
-0.8665305141218392,1.074726,1.9376025596970807,-1.2148551938374945,-2.626498577910966,0
-0.005017311720897172,-0.27266812,1.0806876688796874,0.012736960880929677,-0.6151909933165719,0
0.2565888503019103,0.32893074,3.3481909310502345,0.29061214937130786,0.7900974999154728,0
0.6955620965389576,0.57507944,1.5604372882368034,0.8521589947698147,0.701277979010607,1
-0.8225413834437679,1.1033156,1.9271340111494122,-0.9087352206035361,-2.32795471720679,0
0.16980384529217885,-0.10145515,0.23489955841027776,0.16175878002252558,0.7795448051968106,1
-0.6435334283734578,0.8772186,3.153905397130218,-1.0982976051323523,-0.5619339309080187,0
-1.3816673349000463,1.5871265,2.0367537729957945,-1.3573861755665726,-2.6697407557839727,0
2.3765595300639206,-1.7150192,9.962461124595151,2.3329201608401036,2.645420259806645,0
-0.4966449323434195,-1.2700809,1.378518929475104,-0.7333569714977336,-0.5007888138466899,0
1.0763642164260119,1.3991494,2.4180418523357234,1.3736086227762125,2.4497094998265605,1
-1.512336962043591,-1.4968095,6.721587064508271,-1.4466137446748364,-2.57421537042367,1
0.7598383119118366,1.9539753,4.436389349760468,0.7606814276332035,0.6245495975136802,1
0.0038391047740126923,0.93986845,4.2557296791841015,-0.09594971399118252,-0.5343116117477417,1
-0.7245136341340371,0.8846975,2.724186943536495,-0.9425030630635883,-0.5403400400493582,0
-0.2824070345465882,-0.26349005,2.51367085344725,-0.28864244016394425,-0.8277149823097603,1
-0.465294656600674,0.6218878,0.49069321875585326,-0.6629165089869317,-0.7383283244634951,0
-0.33164757429404,-0.4571796,2.045683713749102,-0.3469279874275723,-0.6053743739465636,1
2.676113598368067,3.5681806,15.569150707635552,4.381492401981377,2.648727013319042,0
0.252040793855381,0.5383009,1.0200308834071392,0.24366930758136426,0.9335920554611028,0
-1.3311944026167812,-0.10001564,2.0804560162273162,-1.6375670641677476,-2.48982097330073,0
2.1554604697092263,-2.0967448,9.612349838431902,2.80292148361564,2.7267963574333756,1
0.11499936397106784,0.0010687828,1.0684201404939242,-0.06912728893645048,0.8803536955431048,1
0.6931547297013737,0.7416127,1.6020865143054972,0.6626357603160811,0.8436007867509436,1
1.9480025370462815,3.9503043,3.7738693868336552,3.1273475270845665,2.686459213559288,0
-0.06144135078224639,0.1399663,1.901992748358552,-0.18644571809522426,-0.7003762174345222,0
0.16537998381244132,0.12917428,1.7773808227535783,0.08775197430560427,0.6875863473103828,1
-0.4290380635098778,-0.4904532,1.335275728783417,-0.6890367014273117,-0.7148959780527187,0
-1.154460715413891,1.2419269,7.308805911235909,-1.1719097906942573,-2.5309413416989366,0
-1.8526379489564093,2.279233,7.815507830396051,-2.518562244891437,-2.5101488212211946,0
0.18810685150006426,1.3374126,0.3585938678615093,0.1367271824605803,0.7788908982190837,0
1.7813636900056113,1.540416,6.35573212714345,1.7303992227411684,2.805557701396385,0
0.2579111731646857,-0.22190678,1.0386597711285748,0.08690517360379427,0.6142467794585895,1
1.8246342566742755,3.9752877,6.55659902692365,1.8560738977716902,2.3944560466693936,0
0.7530729496992058,-0.88002133,3.28010915604801,0.6905413768354519,0.6781170957999344,0
-0.9107219023941903,1.0083855,2.7255780223781794,-1.0986738611850495,-2.724286002150121,1
-0.13709425586897037,0.08364473,2.8109658215342224,-0.2580203950042039,-0.6687519831700022,0
1.0958940915529871,-0.44023782,4.342483377550604,1.22707026097269,2.5250854850884217,0
1.0654492217528266,-1.2888007,-4.30991261517543,1.0964501605267472,2.5415304053781784,1
-0.6142633024291839,-0.8049393,-1.7239460509681237,-0.7229120607290508,-0.7844883704295829,1
-1.009954122153932,-0.25841773,4.6811114202432345,-1.1287731706450954,-2.4610422791047517,0
-0.7898837557840165,-0.6891491,2.515983644586818,-0.6828568237081222,-2.575530896082838,1
1.073927148749863,1.6286715,2.495384851722796,0.9452874311061157,2.6934760990438815,1
-0.5105687133586251,-0.4927938,1.105239726963862,-0.5049034376291921,-0.7433265235510125,1
-0.49477951339390364,1.2932657,1.0229396002879128,-0.894313737600587,-0.6365164220086306,0
0.5741803533620728,0.6392549,1.0908850411200728,0.35527977936524086,0.4340583839177783,1
0.3837606378410223,0.3601187,0.9399162803703447,0.29205325849540276,0.7163791049157384,1
0.9861685183879253,-0.90766466,4.109479985942751,0.7732552483622761,2.4788805021505724,1
-0.2296168820552908,0.32134116,2.0959702487482317,-0.31200425180647395,-0.8238138381623825,0
-0.5037030590456897,0.90138507,1.2453978294618389,-0.6764022076169771,-0.7209199933813548,1
0.5527812536634842,0.5505121,1.8612719815640297,0.5322081288042917,0.6773436608442723,1
0.8366120245056196,0.94345605,3.5069200428789333,1.1763463059702055,2.697055132824637,0
0.21263939936867524,-0.115820386,1.2671043153282568,0.10526584600602452,0.7863373168789756,1
-0.4088816991414,0.99035066,3.00341684226899,-0.5462272411619951,-0.5605088233379283,1
-0.47616670040128267,-0.5322833,1.848395739373522,-0.6352447422067983,-0.5229832409736892,1
-0.6614678442873252,1.152244,3.1701515160704035,-0.872122800850164,-0.6972685583946702,0
0.5932232587102713,0.4529348,1.544028133444817,0.806802792459405,0.46865241814476627,1
0.08961435911222593,0.52177006,2.4367702980604555,-0.01581371748824308,0.7124112397023097,1
-2.2432866118685597,3.4393387,-7.672191398884907,-3.1256072392493133,-2.776689946695194,0
-0.26260861604356706,-0.31017485,2.703240003555059,-0.4616362555452544,-0.7877132720833302,1
-0.13023532707317853,-0.18955034,1.6867022699084204,-0.19464833249632674,-0.908979934113742,1
-2.386843441256813,2.4734142,7.520360548291752,-2.7299144404255142,-2.7087676288481384,1
-0.9424659390199929,-1.5036567,4.451403438178865,-0.7406306571635058,-2.5170078204543067,0
-1.1771827447801728,1.4340913,1.6254396447668416,-1.4390225526557388,-2.4965650162857935,0
1.2093390867260767,-1.7128043,2.4694046601734922,1.9073610815620508,2.7531934480100113,0
0.15807836084723503,0.0006644726,2.278315917480999,0.06735938961813133,0.7095544889781278,1
-1.2952971270593778,-1.6723267,4.690439253276928,-1.5246268687480682,-2.3208917697895766,0
1.158775459478608,-0.47216645,3.03729312744021,1.0427328246658927,2.5336026051678004,0
-1.4023067837716432,1.9892389,0.814034268640565,-1.8524026880160436,-2.6453921314973754,0
0.27576448185176744,0.6173313,2.662077536021887,0.22541420287218455,0.42108075697626723,0
-0.05695074258355694,0.21002461,-0.19373072247975132,-0.2167279247624861,-0.5663338048072853,0
0.27388222367676107,1.4973224,1.4809873250814476,0.1869334404605236,0.8208224429977917,0
0.1701247233418441,0.6025671,1.8362695977195298,0.15819663598274356,0.41157576145071173,0
1.1444217852198801,1.0084462,3.2285207839027645,1.0519978408168897,2.6106369104848266,0
-0.22547629606519234,0.5680396,0.7256872243242214,-0.3910758802096798,-0.5909064450815024,1
-0.2213580406539704,-0.09937708,3.6212883935794737,-0.41683307445025314,-0.7573546216768067,0
-0.028545637074577218,0.24424428,-0.4032855530516779,-0.17454545465594629,-0.49518959687679187,0
0.366761778395423,-0.10677965,1.3671723868882588,0.1958000136449783,0.3608322159217718,1
0.2716922191304878,-0.12832662,4.1418708444877534,0.09496295710370324,0.8045563266401639,1
0.3891743619483682,-0.39801562,4.863055752285818,0.28672960276021425,0.6814084411748036,1
-2.7542865964093584,2.5580366,15.100192600710532,-3.3455248565031854,-2.661735161833732,1
-1.5293854455347022,-0.77370244,4.331924883214962,-1.4006103303706288,-2.405087002361359,1
0.9609164950108121,-0.7859589,2.1213015102943995,0.7881905925789332,2.6369713780970523,0
-0.9931090068191241,0.7656073,4.076174859005078,-1.211575788198485,-2.629707588018765,1
1.8132228525950715,1.6620635,6.36337817869286,1.9844967311410906,2.553703795979756,0
0.9321716569883317,0.5543445,5.689493253206454,1.1985046288645318,2.604560377336013,0
-1.1717693313680078,-2.1847842,5.659658268274277,-1.1510682009609259,-2.74320021449676,0
-0.7512221896381875,-1.1645648,1.7527908111485986,-0.5048097269287765,-2.398795841528036,1
-0.6676788252200627,-0.13148373,2.2789603607745343,-0.9685009247030832,-0.6259712028447976,0
-0.032437738367407945,0.18217835,1.2212997422275407,-0.1593591195563197,-0.5141381513881992,1
-0.47729620043771176,0.59907895,1.567820404941314,-0.5485711445448753,-0.6016193830685794,1
-2.1448248737448643,2.9728816,4.414482929202107,-3.074217844407597,-2.284552757872145,0
1.7486957847980709,-2.1105819,9.455172871946468,2.3643771119122774,2.6610603276955307,1
0.03987144584450962,0.100792736,1.5653734908460144,-0.07463598170307285,-0.6515720140206254,1
-1.0796344497903747,-1.0460422,5.3207283442141025,-1.4721810604306127,-2.4379872675467937,0
1.5198839883792972,2.0891523,3.755457575401074,2.4037603498549585,2.486753958116001,1
-2.734607728242746,1.4658172,13.970134651071076,-3.0965708803280902,-2.6168306871398044,1
0.07676508702680966,0.033915635,1.0977606471862928,-0.01870281874248776,0.7369793110336067,1
-1.6669433987308484,1.7474067,4.367244458120275,-1.8355359837673444,-2.6466427662716887,1
0.04145844901046709,0.16118592,2.242888310547306,-0.09122986038343532,-0.7511509536468771,0
1.7857765383456785,1.7189875,5.130313798345875,2.3375458259099147,2.573961916063509,1
0.5404226916417928,0.49613,3.022369656358858,0.6654818132045536,0.8573568267639408,1
-1.463465482853863,1.3709955,5.158471814180005,-1.5908249516247266,-2.4941375399606383,1
-1.63292781879012,-1.3056241,4.505641434738067,-1.7662672617704858,-2.3777588175354936,1
0.62114539327047,1.4128289,3.078642548023016,0.8314171487712696,0.7322387435493114,0
1.5439495758609734,-0.32533032,7.339814915142648,2.346094797113285,2.5632898414524865,0
1.0055279307172649,1.745232,1.8824209205557982,0.9652348552795094,2.3742992666336042,0
-0.9378764346431122,-0.6808989,1.688273389002619,-1.1525196833685856,-2.582777850021051,1
0.4394761648634003,0.7186658,1.6437715878303916,0.35690158337174405,0.6066283308969427,1
0.4505520559847765,-0.530905,3.071986096637211,0.3664342491196369,0.548838079066001,0
2.0253087941099293,2.8702166,9.647572054362747,1.9010172638331195,2.693801382388704,0
0.88436123556543,-0.83976275,-0.805735428403044,1.0065436879254277,2.5879457377047332,0
1.329962437241479,-0.087221645,4.940999642582366,1.6021421643235931,2.747874925319862,1
0.9485965776990808,-1.1663644,2.1802347358550405,0.9745849490718816,2.4938317543334274,1
-0.1917550748106723,0.57159054,-3.8589313794149476,-0.40016888284245844,-0.5205209316907266,1
0.15776170571055143,-0.071157835,0.6716389564422356,0.08381472360813408,0.5523924741794847,0
-1.0702416074963197,2.263203,2.984540338555976,-1.2458477941572585,-2.296883782895731,1
1.2546195574778374,1.7366347,5.38709259309277,1.360451237780627,2.3842326670886895,0
0.6634871313977461,0.871838,0.8711782306471284,0.6168067190756588,0.7556787504648743,1
-0.912608592380916,-0.8268819,4.193543184537086,-0.8785377434983301,-2.73628947626258,1
-0.40313686162765094,0.5960345,1.989722408346703,-0.5464239335377831,-0.7566636210122768,1
0.16719222466525602,0.41660228,2.4064855324979635,0.0584813429405176,0.5303216568315715,0
-0.47229642838993346,-0.4465822,1.4355502866113246,-0.5457329885295811,-0.9046752922184056,0
0.4341827179984185,0.94543785,1.497665020666627,0.33436142694116716,0.6806443052310983,1
0.37739641325667805,0.842431,1.5187906280058692,0.43922990808016016,0.648347327272929,1
1.3797667099436017,-1.3722434,6.280891710600318,1.1904441416054534,2.365954487172234,0
1.5263247513158,-1.9717269,6.924913148018211,1.5061501367551033,2.769966982343528,1
-0.6853468604575467,1.5220742,-2.4178650387452554,-1.0253411521641236,-0.5341250991421953,1
0.8976723584720154,-0.88346285,3.843064609560738,0.8595685384634681,2.6706806131748295,1
1.906966747110171,1.5017073,5.399606141162202,2.8858183053588458,2.452892553145883,0
-0.41227326852947144,0.5901812,2.269331387559188,-0.5728547656731462,-0.4728886662581915,1
-2.0169735330943475,-0.50007707,6.809126059739007,-1.905935300730022,-2.4390943794528597,0
-0.37924999877899696,-0.16442224,4.6419376453280465,-0.6128131922034976,-0.6880546966555926,0
0.3663557953268069,-0.33369774,1.754051439228403,0.22683800093700476,0.7230499696756679,0
-1.0417199705141686,-1.6772647,2.9063348184773985,-0.900948359133923,-2.6440652340003883,1
0.06665477667846081,0.20779236,-1.39187479694388,0.02930612435300115,0.5538351920556591,1
0.8089399281898149,0.34659627,2.789551728435257,0.7948303844666159,2.706056326130781,1
-1.2992845667106998,2.9422197,5.655525021204264,-1.4651001347378114,-2.6468938856760222,1
0.6686008007648717,0.4737459,2.846484769589511,0.5072305739722806,0.5794756595529946,0
1.2893033661254485,1.7195275,4.185636268687458,1.07311541351366,2.815951129529348,1
0.9655255456328581,-0.9945968,3.9341972542487023,0.9667371957845645,2.4547490341123073,1
0.8642606340377152,1.4028785,1.284353303363526,0.7243715668576242,2.593072579722064,1
1.0602999478775053,1.7452353,6.0498169813635005,0.9130889536112224,2.6701445264137313,0
-0.44884908193397427,0.66793054,-10.721255076050996,-0.6682625313784537,-0.6957129064710799,0
1.1538502092336387,-0.4965364,3.53198652161566,1.2826447037663762,2.6000063295437266,1
-0.9717983207818396,0.7945326,1.572787422896647,-1.2298333631237726,-2.439233531610331,1
0.6639319108147046,-0.8578325,1.1892934474966497,0.7389437946553657,0.5621445406004125,0
-0.9692917270814915,0.8814676,3.1143947961324523,-1.0454817514170336,-2.4897178934826925,1
0.5730014158809016,1.209033,2.361694254303303,0.5457700797413493,0.7616995516043005,0
0.4207217731105275,0.8642134,1.7446926847516073,0.5686758425362298,0.8237546109771643,0
0.6285188883389127,-0.7849105,2.193576289921866,0.6216644842092968,0.6503412485856492,0
0.14240245916724178,-0.13662845,2.5535379764574797,-0.008673452678072511,0.39342005272904357,0
-0.23842750083564304,1.5678439,2.175671244621686,-0.4490085311069356,-0.9239306744818212,1
0.280052419163133,1.3987995,1.7897009935809196,0.31163124651050605,0.5944681769889514,0
-0.3739127037618271,1.1899192,3.564252545097954,-0.40002796081266123,-0.8425335173559854,1
0.7265416457006093,-0.48535228,3.0270873728451817,0.5184385474955908,0.6839836771861589,0
-1.4343125186801209,2.786865,4.9714451861983475,-1.3986516906420157,-2.470465785809558,1
1.8599357023549896,1.8383406,7.79706085924038,2.1740723075622195,2.6124538940157924,1
-0.40452898916509505,0.13183811,0.7527622025577405,-0.6134374627588358,-1.0898657504869576,1
-1.1508513118021828,1.7161402,4.402981480479026,-1.7309575743732368,-2.6242179746833654,0
-1.2101340252233128,1.8910918,6.827035964112086,-1.393533551591653,-2.594611716999163,1
2.386799671595699,2.3031206,13.38476034075383,2.6431551826161295,2.54131893952705,0
-1.1075273511413317,-1.0150487,5.430382021718624,-0.9836427524399376,-2.5855198586622072,1
-0.2943557603993118,-0.48367828,1.9488238597308603,-0.40215361720043885,-0.2537025780172212,1
-0.6758930268213786,0.95867705,2.436326698577067,-0.8037925552563426,-0.6309918674657056,0
-0.7673269594764995,0.6291351,3.7547166888178296,-1.0446806332230458,-2.4388394210482063,0
1.5087055467542592,-0.1588264,11.018023303510738,1.8904920179234803,2.5529188967161693,0
1.431603103265332,-2.1468801,2.6965087043868903,1.5210625545360612,2.611777269722298,1
-0.7030466430264328,1.2582011,4.3116845683071885,-1.046853706459624,-0.7928105684774726,1
0.1377233469491348,0.46808583,2.801626871940302,-0.012546224489264896,0.402519670627336,1
1.1229352242586466,0.87564516,2.1786264720871023,1.1929039889079092,2.57880992780672,0
0.3449005603274429,0.8049389,1.6426379582100359,0.3398703450162549,0.4770241108990219,1
-0.7678064124446635,1.747304,2.6927258497366866,-0.8364000714946349,-2.7397025631233474,1
-2.485916244836524,3.9487925,9.833132678891623,-3.2382537097237734,-2.5877851983999665,0
-0.19474487922827266,0.64206284,2.2702312769209056,-0.4225837588545346,-0.545697118849771,1
-1.2667062317529956,1.6578336,2.3349371056241632,-1.4883892806184285,-2.62190450879731,1
-0.4224410620637946,0.94848967,-6.765351334306496,-0.8420590819098522,-0.5271300839997775,0
1.189938630850175,-0.6504994,1.4532495985760452,1.97751336429607,2.5632005416478263,0
0.3377563750715945,0.58382165,3.250419635149183,0.19902978064841179,0.584198351879357,0
0.6248862298525955,0.24902615,1.1346790153778916,0.5018650143555063,0.5411783162641166,1
-1.0967255141592103,0.30429137,6.915849845981362,-1.3997083827377934,-2.520079857757287,0
0.8126420285944208,-0.6837747,1.8664497471029355,0.6324575704337256,2.278012030876707,0
-1.230583083092915,1.1135087,1.9798983033646527,-1.3404488634458946,-2.586476079160388,1
0.30802867975397696,-0.32268798,1.057441246712351,0.2015223046819969,0.6563173429478181,1
-0.315608020888354,1.1475444,1.9539258698393758,-0.42254812223346105,-0.5148153264535452,0
0.7122878882004327,-0.7500206,1.6853149961776774,0.67068972445316,0.4668618769099876,0
0.06789200261504781,0.15154302,1.2136597098292627,-0.05162896255404393,0.7299361533327264,0
0.13022365910072364,-0.12451033,1.7975741945571517,-0.0015110718774184618,0.6317518494680283,0
1.1626947772348528,1.6785223,3.2183938603695452,1.19243530116176,2.6891043462028237,1
0.09783662571916901,-0.07982878,1.0850892679092294,0.08297285994424819,0.7626548674541291,1
0.07642152663230617,0.5969127,0.30847760074498964,-0.08586526557405184,0.8084593434430206,1
1.1159497584288198,1.0300603,4.477776561521898,0.763765897164799,2.389326943577969,1
-0.08886005621280411,0.06822005,4.160635467604035,-0.11086750681252641,-0.7949818134185355,1
0.45713475097829165,1.7404507,0.27187034878034355,0.5432978698584797,0.4997699290872229,0
-0.00517212998072652,0.12468826,1.650935370293539,-0.15862819412777535,-0.7075239680216547,0
-0.8749987053309741,0.97201675,5.4587810780264805,-1.1492024213099223,-2.61895682141312,1
-0.17460658483692448,0.48641562,0.9155043055572484,-0.3215647973216985,-0.698154285631846,0
-0.5668163766189229,0.92506063,2.0788958013749514,-0.8814736437795255,-0.6973227684949345,0
-0.9596073992990917,0.02470007,4.137041403733755,-1.0814382407829144,-2.708147976065791,1
-0.73999941117442,-0.52267015,0.9350314428784148,-1.0130235288767198,-0.9117530298486626,0
-0.32666770437085446,-0.5932087,4.253639575200943,-0.3945647796659264,-0.7176556527693747,1
0.5488287192278842,0.9660419,2.150615505767927,0.6375890161366462,0.5756679412140921,0
-0.748946107956668,-0.657762,1.5300332587270422,-1.0914645722057996,-0.6472073688835775,0
0.5269169770869637,-0.38648406,2.5545700780601353,0.3841345830618582,0.6115209887192211,0
-1.6595997758411962,2.1086435,3.812763293912947,-2.2131325582767523,-2.8002250282028878,1
-0.9675494844652637,2.4450662,2.491041352790573,-1.3812347192698387,-2.8401966891553525,0
-0.20902661093999436,-0.0485153,0.2818360269950788,-0.38532972848450736,-0.5770053085774902,1
-0.4228196884394028,0.4929098,-6.722309303081487,-0.7126112508759228,-0.41701986989237483,0
-1.9734408812075637,2.9196208,11.03142424906887,-2.3036892072327557,-2.780676495977224,0
-0.37230861250864644,0.7248995,-7.691971261099036,-0.629956037319212,-0.5934231451373001,0
-0.7894756373393566,1.802912,3.325535920584013,-1.23234133676418,-2.5123148062206706,0
0.7747385674795471,0.84161127,2.1046944736999547,1.0975127018627726,2.512849304497719,1
0.2806840755484577,0.6886444,1.9676594611762992,0.15939765854768365,0.5838594021486945,1
-1.8808375571110216,-1.6057504,7.719386034705488,-2.012093525069906,-2.7871550077315725,1
-1.1902506375574082,-1.665615,4.105003315443796,-0.7956778541476185,-2.2228155291609952,1
-1.0042489299199315,1.2841933,3.452060145160872,-1.1921503956178736,-2.473129422704574,1
-0.8328931481735636,0.843704,2.57105104091023,-0.9607442623786419,-2.6055505683563616,0
-1.3915362024042475,-1.3242221,3.07667765161769,-1.149091178319673,-2.403070269000745,0
0.019943379911919863,0.19174923,2.6185278866489408,-0.045421326210584215,-0.7398076784329848,0
-2.6332512900494627,2.2623606,13.982702373691334,-3.211824636099902,-2.401421930303658,0
2.1364681853584746,3.1315992,12.662877805006453,2.7701750010559487,2.7386294953760055,1
-0.3885267447901539,0.5111847,1.5664867658999342,-0.42773217370119077,-0.6897015604549954,1
0.15171716192978477,0.013016701,3.3206592877318504,0.0654213187565521,0.5782965930541323,1
-0.11034491569632757,-0.089273795,-0.7970997269828999,-0.228064590849321,-0.32927911635523466,0
0.20349090040599824,1.4539847,2.157523804669948,0.23631936482475738,0.688024228908657,0
1.3229056857468708,1.548341,3.9744030992683044,1.6514681907492819,2.426970251893134,0
-0.2972469555817745,0.78685594,3.781171303575424,-0.40250005792350263,-0.8802632149145242,0
1.2707422704060596,-2.1763794,1.756798918373405,2.254662224597975,2.576687371124625,0
-0.8247932926098803,0.91142464,1.5368351576377024,-0.8670339178169358,-2.476657556816766,1
-0.3991101784137791,-0.30623677,2.1479253494587915,-0.5448961374985674,-0.6951234440347865,1
0.6303782009046845,0.7861838,2.340719381339649,0.6186212878443282,0.6918035692455724,0
1.3931748653192313,-1.4751713,6.744675623202063,1.9364939659697364,2.5802339059547954,1
-0.46041667954555354,1.5302758,0.6920463636309938,-0.7494725430195556,-0.6197759507535502,0
0.9306359337083714,-1.8953651,1.612370512628101,0.9314455387323323,2.500218647366291,1
0.19953896596244725,0.7952238,1.9810359577709429,0.16846665680264142,0.6800421778182528,1
0.19765724510246377,1.1027763,-0.3578798519485362,0.1488091255915072,0.898815074341977,0
-0.6061579361869825,1.1202167,-1.8938174738156635,-0.771860337366159,-0.6853941291735366,1
-0.48196435763392076,-0.5356299,3.823969523527725,-0.5381022592935971,-0.8774663853229128,1
0.17247813336323975,0.31909385,2.8156391083640764,0.1279865734882148,0.5747574648762916,1
-2.0110731746773145,-1.8261527,8.753064926328976,-2.382325765572515,-2.7204486793933325,1
-2.0599912422489512,2.5110936,4.34922030000253,-2.550478539433223,-2.58592565880464,0
-0.23288933251413463,0.40079468,0.27009008261681,-0.4284391065018751,-1.0194671174722154,0
0.899096038549378,0.8568636,1.448406664876254,1.139433096786093,2.26286231117989,1
0.034730550770375,0.114171654,2.544631653290013,-0.0068058938514626,-0.8292348242852332,0
0.5428008897923841,0.43864316,-3.85742002270603,0.6316217122789186,0.470177522586877,0
-0.7534621469642162,0.85440445,2.60210431843635,-1.0922503771917016,-2.7491826680137,0
0.18025822737332794,-0.14671598,3.187801702626864,0.05640875094199989,0.9348256510607921,0
-0.09738325993601606,-0.3127827,-1.8074211863806657,-0.21151131480634489,-0.598380340891998,0
1.0460375984750088,1.6286038,2.553372556018871,1.665490997639243,2.670869868106907,0
1.2574750402717711,2.6161356,4.67788715416801,1.7058736668393013,2.400660967393481,1
-0.5958974003741785,-0.65189207,-1.179386038776241,-1.0144398213256498,-0.32716095409849405,0
-0.17603746754373895,-0.03126318,1.366041739974582,-0.3818559130065055,-0.43076506430914163,0
0.8542069758364386,0.3034891,5.142410250964885,0.8740282955233528,2.581188014554472,0
1.6375793560032066,2.7250075,7.020028955937022,2.3925681828498337,2.4545299022909655,0
-0.5211505211952229,-1.7183725,2.972283911806956,-0.45539288903635805,-0.6793593977550665,1
-0.034758726839894775,-0.08530205,0.47291975725177976,-0.10863920896222534,-0.8072576256730679,1
-1.110753043946067,-0.7031173,5.195340036481453,-0.9765856831722118,-2.335378879540336,1
0.29963534878948905,0.4801123,1.5031565878611537,0.24062158263583314,0.9721958769884632,0
-0.6095955060230716,0.60338974,3.4872559985897325,-0.8299417917680781,-0.5025626591374871,0
0.053141219719136164,-0.20852925,2.296684726958375,-0.0028916575727919998,-0.6764738384447613,1
0.6301857293940785,1.6078509,1.3999795324952602,0.4242063509128649,0.6930758495813099,1
1.9459944919880308,2.7678332,6.747572606283995,2.918085468568891,2.382676644370021,0
-1.5247889723763923,1.4919205,4.191008455388115,-1.7745552245394223,-2.4392253208311554,1
-0.6308979298076306,0.5730556,3.0236326767204185,-0.7713806172822485,-0.9279208858594944,1
-0.18267009109997515,-0.44849488,-0.23325384044396769,-0.3925710180021336,-0.7386769492096285,0
0.21708723355134862,-0.40558082,1.511229493391323,0.13573084121941187,0.7556026480436495,0
-0.32979936486487543,0.62430453,3.4038132454013064,-0.546750841375629,-0.7410148812664956,1
-0.8219285816742607,0.81940156,1.8137092754953428,-0.6848737435857623,-2.7534300925810378,1
-1.0219578062344865,-2.0450568,2.2590674707704315,-1.3627855238663484,-2.3098611116572445,0
1.0186586858934756,1.9845313,2.2098073700053633,1.2234905177789646,2.537024502951815,0
0.9864367512906039,-0.68465376,2.241414215560051,0.8642090484822131,2.4148903103271757,1
-0.266191550991418,-0.21165366,-5.327076075658331,-0.41094080299444996,-1.0205486391425465,0
0.8708522323004425,1.1408546,5.020799146663368,0.9702998109251912,2.4426356807345813,0
0.11651093652086172,0.14093858,1.9995204086168443,0.029237261420358592,0.68800109207583,0
0.9337638096592923,0.8149422,-1.4202166194914678,0.730944232610257,2.822281005984846,1
0.8514892420193197,1.0325546,6.630319124881061,1.004821194861267,2.6054203386585346,1
0.4358983734113004,0.430394,2.7765189494039153,0.4735078801681251,0.4501683165441055,0
0.38921818490374477,0.58357376,1.1535405435062485,0.41418389278731454,0.37149709508207013,1
0.014397017867022448,0.81500274,1.7626553588309597,-0.14530610184433748,-0.5896675596858245,1
1.723674084954842,-1.5650766,6.441765619943421,1.5167300783293916,2.399858142694281,1
-1.823687667867359,-0.5695574,4.621381472714541,-2.413980169832489,-2.699884039146202,0
1.3626271420500735,1.1013377,3.684033478282299,1.2938153566111827,2.4626276021352234,1
1.1158004115937905,0.43946978,1.8281496942303592,0.975016081338357,2.50942769156002,1
0.05196972681342536,1.146482,0.8884013306535959,0.017468586752250142,-0.8117732154051027,1
-0.6831792537964191,0.9282079,5.312034734698097,-0.7149177515342973,-0.6318330383056725,1
0.29962555327269036,0.20983234,0.8248742416306868,0.3598386084192103,0.5335768985306834,0
-2.522940183192853,0.4787757,12.243933591119173,-2.497190186607151,-2.4357387871748357,1
0.9238849746211687,1.4357566,2.3272752207798093,1.1043563746312048,2.7494620752230405,0
0.6240671287262839,0.6295229,2.954399301740184,0.8362174770440965,0.487202946176707,0
0.641337781334046,-0.50980306,2.1358836419451657,0.5908804302965848,0.8740838757391257,0
1.9547900604717807,2.379306,8.552592523154205,2.773364733382926,2.512864495416652,1
0.3733130745230556,0.61867553,1.6935510206798696,0.3507180214530592,0.7959980872419148,0
0.2260590569299932,0.17504257,1.4856525839650312,0.17358598259263125,0.7759161981961339,1
0.8727078090572868,-0.68958545,1.7723270838293104,0.7392333595158591,2.410806176338053,1
1.578451488639056,1.8418957,0.7153112606512249,2.3155798780075685,2.456601212466946,0
0.8140941327547025,-0.3445703,2.652308567770925,1.121137129881451,2.5060969954447914,0
0.7049174957161568,1.0399002,5.5133750819344955,0.6557750821926359,0.3810053893449966,1
-0.11795304812915165,0.24653035,1.7716443566227718,-0.2763594324714407,-0.4137681695165326,1
0.07300660002377281,0.07510059,1.17421803394714,0.054780812145388845,0.8851711567154571,1
-0.7242374764265259,0.6483851,3.991863797347707,-0.6660317216474729,-0.6135965240393496,1
1.180603042572546,-0.91236955,4.359432924828416,1.0553757046616463,2.740496695341885,1
-0.1576399897271142,-0.19945297,1.7846259344552393,-0.24324374249166475,-0.6773813062291214,0
-1.15356206949917,0.9477274,0.7626155677891263,-1.4402259011339056,-2.8256188483203797,0
1.4532065387303768,-2.5426235,3.030995502609133,2.0645514789973634,2.3218545029520725,0
0.5834355807785855,-0.69944763,1.2305324747028636,0.42610488888362724,0.44742379773830626,0
-0.6608184942511637,-0.82951194,3.9201316196842617,-0.8754681586523678,-0.6899351690205698,0
1.090447994233467,1.8013612,1.145901139146,1.4779845113646854,2.7279020009360746,0
0.49429643828707004,0.6062873,0.783294775199119,0.30689502996155393,0.5235623409535447,1
1.9366805444008295,-1.0882479,6.714815775949534,1.8614814450109396,2.5351401091822225,1
-0.5225357071204885,1.2080979,0.4749339427767294,-0.6585972191581944,-0.772950308570001,0
0.9890079433403287,1.7635303,2.24445202923052,1.3567627351599734,2.6288482658428447,0
-0.7873999068384157,-0.60105497,2.6269659523734146,-0.8576618124086309,-2.405190362932965,0
-0.910391920297162,1.4842825,1.9134260905597515,-1.2033862224829368,-2.5139086649930107,1
-1.1441640711036976,1.9799554,1.2844650375221103,-1.8093647244227793,-2.4188562542152425,0
-0.054690075200448114,0.16447838,1.6070437753956008,-0.2512797564144508,-0.6319565829904716,0
0.024951436749514708,0.1787349,2.4019123916172016,-0.03355754869595625,-0.5493149119269836,0
0.7321630886987788,-0.69981253,1.1968815800793897,0.7398984912230646,0.6080182712456897,0
-1.2707273479101744,1.0953252,2.38091712603667,-1.3881774075659912,-2.355521602269161,0
1.2673276527550912,0.77781844,1.4904014928925275,1.606412851793252,2.8888066132785153,0
0.6748185049350114,1.072538,2.4447293294608015,0.5703438220122273,0.6926098023079198,1
-1.100206922548083,-0.31543508,4.057808634280419,-1.1707854284777288,-2.6657697933580202,0
0.8198454988741729,0.8778292,0.9426549964182356,1.1852235286808086,2.5932355615747085,1
0.04419983586907608,-0.19973205,1.307835137707623,-0.031550682928052534,-0.5122868674283315,0
0.5728631959725233,1.4226857,1.2315920847085513,0.5775464853056729,1.0183444243448472,0
0.5950359452169495,0.754216,2.0563997314712967,0.5750727174433045,0.7657326825606083,1
0.28238739881725267,0.2320383,2.9208052980761114,0.2521075133998701,0.767557382156493,0
-0.014532022556776703,0.2467863,3.117099125213089,-0.15615884061636676,-0.519246758542821,1
-1.1042850764495769,-0.30491498,4.395622704756058,-1.2918803741338398,-2.8164887850321696,0
-1.1765526674164348,0.0324572,6.286947088131994,-1.2325693209474025,-2.5064953660466345,1
0.4461662827277461,0.6383787,-4.732578119840913,0.34158731790693725,0.4780485826016296,0
0.6466137404197476,1.1269984,1.3897111291297792,0.7932759654158664,0.6713031218932523,0
1.9080892579564988,2.0029562,9.297467510618223,2.3707927632719707,2.439313843012702,1
0.16476471872132314,0.090057485,4.039000768975089,0.09305609126183782,0.6308803963946836,1
0.2661843342144039,0.05344715,1.9601818403634121,0.2768905064391243,0.4637933307968149,1
-0.6659888854449146,0.69023776,1.866773943395859,-0.6605672829842141,-0.7215975779702906,1
-1.6530897705068326,-2.372234,4.8155547544974295,-2.038708559900825,-2.7351311819445976,0
-0.6481761672965688,-0.3735383,6.889219095099933,-0.6600253764549519,-0.5469164771422644,1
-0.046312457557782766,0.09662271,2.9235588501374212,-0.1345019334687516,-0.5494928904369217,0
-2.044482254297436,4.066249,12.147625406546737,-2.5414893864539634,-2.7715327865428327,1
1.0409407490435558,1.0110892,3.498112439027468,1.3526525415619355,2.706226847665727,1
-1.8546046616869534,2.4072218,6.986799830679234,-2.3994227687112493,-2.308469707520852,0
-1.1569113616279538,1.2907333,2.5905796194919093,-1.1880319557931163,-2.597420088208052,1
-0.9294124487879717,1.1414703,1.3163556812212955,-1.1495900394990162,-2.57459652468734,1
1.4136272158086853,-1.4928284,6.580832934246595,1.731216618002142,2.4106366123156913,1
-0.26149125910670185,-0.47833684,1.4985381197828578,-0.34238432128019414,-0.5494735545178939,0
1.0540083750108191,2.4751704,-0.9785018941216612,1.5917599220265322,2.5620139235408925,0
1.0749468207808162,1.0050049,-0.5690903148379762,1.696770923040348,2.65045353698754,0
-0.9248161616433636,-0.9353618,3.5802144023318307,-0.9021597944365705,-2.4846907304868813,1
0.8701160217886355,0.80233526,4.7171667890720155,1.0014237962267478,2.5191213694666015,0
0.7741891352349258,1.6170474,2.386614534129999,0.8964662437921714,2.2872612023432115,0
-0.8459469079396557,-0.92398155,4.481148547018622,-0.45923692040049013,-2.611907066933941,1
1.1917178060201779,-1.6902497,3.444883526809366,1.189194134930733,2.797564418158,1
0.7224740613163294,0.48756084,2.264204511997196,0.5663241748656433,0.8150909784770669,0
1.3825018989206428,0.6779072,-0.7376813422718738,2.0335518416459326,2.8025575379061793,1
0.14303277017984367,0.060528126,1.6411316427201914,0.0912544841969773,0.8341594889810511,0
-0.8465824044672207,0.994198,1.9988454183624809,-0.9994720438066433,-2.366742614033175,1
1.4818177853165033,-1.9183704,2.594734132134456,2.1129559370834254,2.379934996869785,0
0.133329918059161,-0.16342735,2.050766865308014,0.038790324877178865,0.4798666222907213,0
-1.2306512886925225,1.5685769,1.4766692069039142,-1.7729814184762551,-2.5477665108204954,1
0.9694862880907622,-0.87784135,4.775621644190493,0.6862265452531321,2.4103103774221704,1
0.17539713524190734,0.95946854,1.6995046786111685,0.11770736501618258,0.7321491118556529,1
-0.7657367821991901,0.8325606,1.2824717133057928,-0.7197142977319922,-2.649347482007379,1
-1.4217664896005395,-0.6075506,8.533016228155711,-1.5310073577036143,-2.477596902554607,1
0.6598263448982701,-0.75528985,1.900496747076872,0.6544588954303271,0.7971881944434691,1
0.5471786027319449,1.663397,2.569792215466291,0.6838302548260563,0.5220088392878798,1
0.812883882682093,0.89273804,-2.642269985470138,0.8674928597853483,2.5083020252007087,1
0.22928673216594642,-0.0019144058,1.0276586083220463,0.09902931897810154,0.21061994447938773,0
2.068865035280096,2.6733592,9.512386454703197,2.0285058891583283,2.860380550763415,0
-0.42693093519987974,-0.3184321,-5.405075230582972,-0.605693707126223,-0.5234151769188573,0
-0.1831872059409091,0.3279121,3.886734895890114,-0.3759660606449669,-0.5797187902727181,1
-0.4862136817877159,0.04519371,3.8914401275007897,-0.5410714261759083,-0.6206814698206063,1
-0.5386669789296782,0.50869364,1.9285443733377337,-0.7926206089413383,-0.6970606672743138,1
0.5971410089411238,1.4362419,1.3126580342524306,0.6366026879034369,0.6761250230013951,1
-2.3754152291920936,4.2153845,8.211786213872081,-3.448136240529071,-2.3744586311859464,0
-1.6555537701944731,-0.86698884,4.612766297511257,-1.7262176363772204,-2.6441847419501676,1
-0.8201714975615537,1.1650013,3.361358207918012,-1.0777879130656853,-2.4918087174460313,0
0.9198624971559,1.6395178,3.2484696983109154,1.400640139596867,2.5859678289369765,0
1.6165410387221593,-1.5366812,4.567566071813872,2.1260555311688787,2.642053858517691,1
1.0485194211434383,-1.1299149,3.093895133685453,0.900662168424496,2.5358585165226306,1
-0.8694443307752984,1.3987024,-4.876434175755316,-1.3940144176309677,-2.6780553150876947,0
-0.7943337171357788,0.11947251,3.6548661283573503,-0.6292664022879177,-2.456738705282564,1
1.887288677228927,-3.9813585,7.722233274850587,1.6357382471133273,2.3835924121985497,1
0.7235477883122476,-0.1491825,1.370036913766443,0.7928556267055421,0.46745590006331555,0
-1.2837974353630475,-1.0243229,3.6013465557610247,-1.2855378136087607,-2.6504770319777076,1
-0.5528714956150071,0.9030955,2.8188492091762516,-0.7242053066094871,-0.700696908386265,1
0.2943887817548322,0.36676988,-0.696641684349177,0.15794297861488912,0.8089400677555654,0
0.32336328012056587,0.2823443,1.8787541597248212,0.337512436818765,0.5830729881360065,0
0.4334247357060213,-0.4732925,0.14949479497026152,0.4294163920356211,0.749807266840566,1
0.8654976247649008,-0.3774958,2.364976387413699,0.7616335460285799,2.625857107253706,1
0.1405082332773951,-0.14392102,2.441040906615954,0.07390071698134615,0.565073662776456,0
1.1500635114789068,-1.1955132,6.630025390259369,1.2995119633701213,2.4918035070150566,1
-2.3680411637774803,2.438273,10.305681393199766,-2.638671724686022,-2.6078607182206324,1
0.3724594842628817,0.21071483,-0.4389699298216385,0.29899442565601053,0.6022319953968489,0
1.246269540646267,1.2843122,3.6383613793475185,1.977805064339841,2.5417194832700516,0
0.4884794085949916,0.5826011,2.0198778823891397,0.3996567670250752,0.7380891003416681,0
0.8106791074438531,-0.8610154,2.9243042579080685,0.704422791964993,2.529451122896751,1
3.5381228577745873,-0.045826875,22.834504686445637,4.652613671168841,2.3423223230778816,1
1.4667367954779662,1.8677505,6.545844253306561,1.482190087238054,2.445296289594702,1
0.5501985067706877,1.2312561,1.6799705436357408,0.38865657216073185,0.7554165130050429,1
-0.3248405309880721,-0.59407866,-1.359312461830448,-0.5004137146296229,-0.5230493347900993,0
1.7576037969277176,2.6696644,-4.5462004743178985,2.773365538638545,2.523706816851431,1
1.3308101905917786,-1.0894984,2.6968282531511174,2.010605522535564,2.6402136285331763,1
-0.8125656425245771,0.86576235,2.5763711126051074,-0.8742290369654989,-2.423117772459777,1
0.988497086959886,1.470606,1.9038868954675534,1.4743663701471343,2.660712125170613,0
-1.0989536520484047,0.978272,4.399743868732332,-1.3632892768156595,-2.5519386198333227,0
-1.6136983603837547,0.9845623,6.091633186300337,-1.7798585811380452,-2.4082956639933593,1
-0.4302200861671613,1.7304202,1.5080019370310416,-0.600758379167453,-0.7462199441879405,1
-0.3531030491983415,-0.6906801,-0.991820351894598,-0.5666082581393839,-0.5561450298569321,0
-0.1423360137251519,-0.101255745,0.39781545199454227,-0.16743447039907616,-0.7030234933277094,1
0.7216525507496684,1.6773828,3.125104235602642,0.9821834646059758,0.4860779055890498,0
0.18838996140322836,0.001466484,1.9416548758107643,0.16952514475347122,0.40417755845896425,0
-2.004160759181669,1.887294,8.200193970257487,-1.985563830524277,-2.6578565475154714,1
-0.3311281116849445,0.31567055,1.0886463853466821,-0.4504541890780624,-0.7322633910034861,0
1.4115371154122482,1.4514673,0.06715164436081089,1.820653740943581,2.533894389333079,1
0.40481209973886617,1.5782946,2.7578681948758264,0.4183418225019962,0.60057427231816,0
0.7443927418776725,-0.8148338,2.7843067948955538,0.637263093254837,0.4606279087648984,1
-1.3362074749289925,-1.8119026,3.918969116085379,-1.749623017983156,-2.861852752114486,0
0.4022032283160205,0.5597035,3.8941203199591805,0.4566710657108085,0.7517632955110969,0
0.37430825128563133,-0.5811708,2.325944835630094,0.3547730885233407,0.651291188312039,0
0.5307114981378181,1.9259878,4.307485801436585,0.5538910752343335,0.5560588703910669,0
0.5348084624506413,-0.47536996,2.3896475299333644,0.5912734057185388,0.7331455385673425,0
0.004814618497523265,0.28422654,1.236546097448153,-0.02791947650829298,-0.7110995555042926,1
0.6978674939837547,-0.7643605,1.8180160989883098,0.4846900350437909,0.4635683804568779,1
-0.04628847955185414,-0.21124306,0.8808687526705598,0.025598083045027736,-0.8395849535454569,1
0.11531870017668082,-0.038182564,1.4209271633732294,-0.023908759461145627,0.3289055500975483,0
-1.8179347590494075,-1.48863,7.729834111336027,-1.84902236731108,-2.578430951660002,1
-0.19232097124763697,0.2109023,1.8957696809088294,-0.3024238195530416,-0.42056108013229193,1
3.004207414763865,2.970408,21.52057126079655,2.9250132354396183,2.571361520410554,0
-1.2602657349316613,0.7860339,3.4822108744960296,-1.0824095230126274,-2.3703741677748664,1
1.0841091264499372,-1.6244423,3.2638825566389054,0.9902830364981919,2.5611827772086233,1
0.607457081497097,0.48089463,6.186056797314171,0.7828056530202182,0.7732422520130424,1
-0.11469960018476044,0.06438145,2.547208526471974,-0.30038929793643937,-0.6847242005779094,0
-0.2785704562258295,0.5694836,4.495862908029059,-0.5068951563586135,-0.8558574572878862,0
-0.19071649258910858,-0.30919158,2.3923326508944203,-0.2364727580246944,-0.9221108920746953,1
-0.02835013532871256,0.36767918,4.520054933736662,-0.11010275771180009,-0.6347066745514064,1
0.7242464295407262,0.92329985,1.8046589925640761,0.6264714376488063,0.9840929290273466,1
1.200831509694601,-0.47351414,2.977801369746571,1.395341462170123,2.4885834870031722,1
0.7956743789379243,-0.6630884,4.934506303666689,0.7341242294552215,2.7009839620844707,1
0.9421503351610944,-0.7920682,2.004221722297121,1.0165008099615171,2.5624836676382396,1
-1.5305306609471183,0.9426552,3.513850628332875,-1.8733649518009838,-2.707188614448121,0
0.5787928737033076,-0.7555807,1.838925563548984,0.5400650147502903,0.6026610606511148,1
0.11206982035814277,0.42915016,2.1603175346755883,0.03459289248733318,0.678081670194417,1
-1.2138417370343266,0.62329096,6.804374283509201,-0.9202854164708308,-2.5269468658652103,1
0.279236057225489,0.372043,2.1596839419120664,0.1338842183455897,0.6465268003080796,1
-0.4528684192565691,-0.36676034,2.307434247921334,-0.5746622350066016,-0.6854295169107512,0
0.6584747103318435,-0.30512676,2.81031399432675,0.4570465916518693,0.5357723113767321,1
0.0740751486152167,0.07241776,0.9181996752765998,0.032258371200519026,0.26020998639310977,0
-0.7016236192309073,0.38156432,2.7227699260522327,-0.9441187476256891,-0.6581188616290481,0
-1.535392601114806,-1.3728197,6.32989508092389,-1.2549010892920087,-2.4721583348605556,1
-0.45813575711893667,0.65533096,1.1750308843758084,-0.6673596846689489,-0.8966646557936472,0
-0.7887855323274575,-0.65122896,5.080781926174197,-0.9465007360369871,-2.69424113068934,1
-0.2077919983124209,0.68378663,2.017124873267233,-0.3578527511605295,-0.7063441174133882,1
-1.0776362820348273,0.32866353,-1.0972085113378878,-1.3456286291202382,-2.601704593793185,1
-1.0701109923129313,1.2930472,4.605331933864385,-1.1749659113906523,-2.4566143573212242,0
0.4811796255721481,-0.8477745,-2.133480812924269,0.36952328947327445,0.7227236818693838,1
0.6748218465293246,0.71543086,2.576336434532196,0.7316725596602917,0.3354066668322544,1
-0.32151805690260044,0.6432722,0.8127321582604731,-0.41128009707098934,-0.7690412774841484,1
2.8753493933306173,3.613579,8.405303916433752,4.785118056711844,2.717936528928393,0
-0.16684715576503945,0.14969848,1.9847043330050964,-0.29329344816612046,-0.46744435365154846,0
-1.14426833618847,-1.0732226,4.277685071388079,-1.1116094144185529,-2.5786124154617274,1
0.8048487340017006,0.61386305,1.6904320004721196,0.9406900341342486,2.4224924388489404,1
0.48084903629564635,-0.31111482,-0.536177783221349,0.4018324325288158,0.6487053744627854,0
-0.8393211213438011,-1.0380479,3.8110315871074993,-0.5961525969768912,-2.3298110539388315,1
1.2664929424414884,-1.3597585,3.7625598261340896,1.3092127342456576,2.8126547357668015,0
-1.1210132902281482,-1.7155248,5.957979339139874,-0.8804037615771088,-2.4215101588954466,1
0.09917348254970851,0.11005745,2.939701596024142,0.054861310656920494,0.320337633066619,0
0.15994709806021892,1.1579305,1.9755936525051125,0.1682622930996424,0.9934500774555565,0
1.451851767566138,1.567453,3.0583142055788732,2.043047405892892,2.3909165916962807,1
0.8238795535155852,1.0700347,1.590849385542601,0.9798464739253652,2.5072953692778315,1
2.030064389708759,2.2651954,9.381305624059491,1.9341670054580786,2.6766749438425013,1
-0.6568098296416749,0.7342036,2.4132972318402413,-0.8169771070338256,-0.8761985147634594,1
2.7698408295578676,4.2045264,9.98835579597214,4.489189495052672,2.4037237515848835,0
-0.4035185447745975,0.49305153,1.5905886236654376,-0.5752350441765789,-0.6581209971687818,1
-0.9087215903274761,-1.1152288,2.653048787480095,-1.0440401515314084,-2.6681405418235484,1
0.7256557890592947,0.64269483,1.4415239487891383,0.6957146708798259,0.803613316899116,1
-0.47653702108721385,0.61384493,0.9440121736347836,-0.6412310204901238,-0.7583604106010786,1
-0.8608574509441312,0.5758011,-1.3993005611696252,-1.2406704079486712,-2.4768871601514566,0
0.4145490496332038,0.89026415,2.9419727337457133,0.36600869390063867,0.6509238208747038,0
0.9159462153619604,0.36430973,5.115654288217804,0.9245583917818316,2.6957219829341135,1
-0.051232694045221426,0.60427964,4.140849121700427,-0.2262581709122817,-0.6248415546245295,1
1.089681127347616,0.72210956,3.3041077722264562,1.1144388697574452,2.263292845231339,0
0.08139565701533362,-0.050357323,3.142025029232232,-0.002940377663187068,0.6575990061429013,1
-0.09877814943407184,0.14500692,2.5670320114549363,-0.25993533598006263,-0.7422407458966621,1
0.2521432330900301,-0.29388246,1.406213991282167,0.05737616950561255,0.7655485184164006,1
0.41225272817386094,0.68404764,1.1401768109691506,0.370192666183131,0.6011913019471001,0
-0.6663297352477501,-0.6283645,5.796563378323736,-0.8188291789292567,-0.784425521971447,0
-0.25529591011041247,0.33886245,1.9930880502108035,-0.439035235378617,-0.8697835471114316,1
1.5314739495674923,-1.6702722,5.114230923434867,1.4005667358250389,2.540131186864284,1
0.21479487012706397,0.27457085,3.031532600591571,0.08949596296214965,0.45927992916899923,1
0.10073493717777408,0.003338585,1.267314136272744,-0.07342932552104466,0.6858211428515663,0
-0.14054912506129089,0.24356426,2.243210561761621,-0.25665062870088184,-0.7653030201140308,1
-1.1493404351195675,-0.9335368,3.1672646559847544,-1.1487958045079227,-2.578164704284366,0
-0.8306212752759835,1.3572589,3.318297020436476,-1.1983734926614587,-2.6723557754076426,0
-1.357370332488434,-1.3649359,-6.783450203263202,-1.4348369444101607,-2.465869124012791,0
-0.6840327074207998,1.0422146,1.6777754224885566,-0.9478741102162443,-0.595399582477267,0
1.4184961311144904,2.0026362,1.8368915195677198,2.4329714330806795,2.648351554974215,0
0.2679977302445958,0.20173149,-7.800790922788083,0.2912027603776225,0.712730374666298,1
2.1236547169562305,-3.5610943,1.3118859024060292,3.2806484364060946,2.449040188016216,1
1.7998274157593734,2.4237254,10.43665601056282,2.9980897605815375,2.704638215144657,0
-1.2276003700348765,2.517269,3.8769969997422553,-1.2392212552772295,-2.5246975277057797,0
0.9376587084639986,0.7953251,2.55060456164132,0.8079529702343892,2.523275521282255,1
-0.8784453876664845,0.8608934,3.090940728359538,-1.112726042582274,-2.7095703860275604,0
-1.0823220424950133,1.4898634,3.3629069900551674,-1.3150639806647055,-2.5860066608249155,0
-0.005016156368775092,0.19936804,2.270674292489112,-0.14491799469547784,-0.5187351130212406,1
0.2549419427212668,0.53547937,1.2358102341703099,0.18023308618624592,0.7827085687080295,1
1.0399007136795648,1.5205622,4.395234414393698,1.3292774362220696,2.6781232576800997,1
0.43433249680163954,0.4940526,-1.2378594639898592,0.4815499884924521,0.7997914157558156,0
1.113614560810309,1.5647845,2.121647572457496,1.216860955756888,2.684938695803151,1
0.4594947989514317,-0.19732693,1.383561858531949,0.33891055990716024,0.8621382289060707,1
0.4721355654234646,-0.5803553,1.5814504823167006,0.561872681462919,0.7717034634317702,0
0.9109862728266401,0.73736054,4.656316944687976,1.383106638654857,2.7104566386082296,0
0.7075284004406343,-0.99713135,2.2541467568646656,0.6117189528395073,0.3529519423704298,1
-1.550921922794956,2.8572977,3.6337824793518685,-2.4022694802601046,-2.53572519040812,0
0.6681511952994309,1.4142358,3.46477598510737,0.8096446160786612,0.7296081890143948,0
-0.9027256924632173,1.9000851,2.0113336422863313,-1.2800066822426848,-2.527206698659042,0
-0.44754936661966144,1.9640915,2.245563658239159,-0.6371623685451848,-0.4724010923055802,0
-0.7083660267561226,0.03589877,0.4466510358592959,-0.7915653712294671,-0.8552158540399888,0
1.112100925880047,-1.6420208,1.7525383964034718,0.7889311067527075,2.505678781201812,1
0.6462445459386458,0.6117848,1.5489218793630228,0.6054157344323119,0.9031156659946445,0
-0.8246801483058305,1.121873,2.181354052068731,-1.1230816139533855,-2.5570077190122835,0
-0.5153308086085264,0.621303,2.481675336366093,-0.6664177451152652,-0.8678489412038972,0
0.21121804526145893,0.1908741,1.026459088506503,0.1403428614391859,0.7073350540923491,0
0.4675688500382909,0.49259102,1.6033863082538031,0.4658933866734379,0.5456204698321322,0
1.2034437505083635,-1.7598883,-1.3943699481281886,1.028496473353333,2.4598552856389735,1
-0.22385980123893107,-0.49380586,0.8551859505661158,-0.3196135488975375,-0.720628304019956,0
-0.09580779739819417,0.23321716,1.2071223854790785,-0.2706800390404108,-0.5651768284752425,1
0.5904273048494016,1.2607934,1.3091283822767428,0.5367454202091142,0.8891555408220717,1
-0.25598606351016107,0.035997562,2.842625508083621,-0.3997975082199589,-0.6130437979775498,0
-1.378480915736015,0.9927336,3.09955446600796,-1.5762637707422789,-2.3373828315887155,1
-0.7570055514065746,-0.4991032,1.3328569997144812,-0.8248885666138425,-2.5561794535096363,0
-0.2307312958056197,0.031834308,2.189260356515406,-0.23669987820496555,-0.5686559439615207,1
-0.18069335438002623,0.27118236,2.844560314126505,-0.367161660571716,-0.9425602811566098,1
-0.2870280418748698,1.0020955,2.4650979973480487,-0.40023283263076936,-0.7624501267246601,0
-2.163086292374824,-2.716636,7.002470034960864,-2.5302090319050645,-2.547433969791713,1
0.8372296040571878,1.0668244,3.4105717471547576,0.7091273395361914,2.524324602515818,1
-0.6452824516075366,-0.60213447,1.556229333288966,-0.7544311678011102,-0.9712827539465606,1
-1.278137611036792,1.1781157,3.8062845622220345,-1.5304397597144714,-2.631343127718498,0
-2.654044544817681,-2.5795884,8.963423547655985,-3.267135675347767,-2.488053150536088,0
0.15182176954966642,0.051038492,1.1826848557183778,0.0802235778762041,0.3480785343431794,1
0.41374165170046606,0.3222288,1.5381500655001261,0.47143572300847525,0.8344901153996327,1
0.09053123380094011,-0.039252605,0.4506310218119465,0.1079415041471332,0.4365995056743304,0
-0.4565539616732629,0.05105689,2.9136076102197874,-0.6370657001668117,-0.6180651019345904,1
-1.797481430750574,2.0984795,8.186804870763467,-2.5401908559488384,-2.668147173089591,1
-0.8193322450629931,-1.0515994,3.1093585409954962,-0.6647667780850309,-2.526161596181731,1
0.005061523589969844,0.028960276,1.466305024545719,-0.05162524033510609,-1.1762879981147238,0
0.6487707875911912,1.1423287,2.196604820672025,0.6058711896815451,0.26712232036598094,1
-2.0108277672593196,2.9927716,8.776250437766898,-2.9594673078757814,-2.3993687396834975,0
-1.4687884453748459,1.0940098,3.184332936958876,-1.1453641077019772,-2.5963409211314166,1
-1.5008849485625073,1.4399326,6.898142446262871,-1.7430248587969077,-2.4684633954381447,1
-0.9541589444410019,1.3463544,4.657768419821003,-0.98912195868114,-2.68286746773298,1
1.8669517221791228,-1.0443207,10.20809326326627,1.5448956509743894,2.4111577050367496,1
1.592024453080851,-2.401863,5.194755639284642,2.0584875663446525,2.381891420032742,1
-0.3914775426721699,-0.55328065,2.4754250384349015,-0.5088475898980659,-0.8272720575572454,0
-0.5297758560699851,0.8801654,2.3601469969674778,-0.6967467555554867,-0.6507487418761202,1
1.49817706537628,1.704027,3.513976269400492,2.1094363214329106,2.4988156067604916,1
-1.0155320262348342,0.93506396,11.726653896544331,-1.4232694608720724,-2.485308918079918,1
-0.4516286224136603,-0.57123893,4.076247664364086,-0.5055409850145618,-0.7919752539333867,0
0.4234762035537464,0.4997275,-2.046355498327198,0.3192806893721555,0.9569263452418837,1
1.6059461952793614,0.39051914,4.018327069397668,1.986969646792199,2.6246066690990597,1
-0.16082890429425556,-0.27696103,1.3037536658823345,-0.252704264416898,-0.9660912075191316,1
2.2254722299965426,3.4307356,7.0815779817635605,3.3679948227892136,2.495743015960462,1
0.37239112908006977,0.67553276,1.9102639007065048,0.35401012803395526,0.6931006880343593,0
-0.4250062286840676,-0.5859626,1.1879994056544605,-0.31081964818572877,-0.45148268974864436,1
0.1890240564543069,0.986839,2.980018001106214,0.08274742390241661,0.5175400352212262,0
-0.6216300479082442,0.8880354,2.843769502198025,-0.9717935252638651,-0.7749409540201345,0
0.69959801171073,-0.2217226,2.565478370534674,0.572341020965629,0.446181724413092,1
-0.7767179057060617,-0.3400623,1.2177151331896052,-0.8779403393166099,-2.4963384763288965,0
-0.7808738206090516,1.7019935,3.455851488559215,-1.0189274352694921,-2.3756757014704126,0
-0.031190927267673366,0.42974693,1.1974121859866496,-0.14873379208438434,-0.5278186003816118,0
-0.82959133619477,1.1561929,2.2787629013954964,-1.1627248546938311,-2.7309242483194107,0
-0.9443402637430064,-1.1263627,0.4196688027530848,-0.9676967379970253,-2.4490027771528573,0
-0.7951734407783181,-0.27004123,2.534585885697643,-0.8298945393657339,-2.4502628654750263,1
1.4247513682387605,1.939914,1.7890019902439431,2.153257049697988,2.4032713991795522,1
0.054158139408270196,0.3230647,1.810653925459737,-0.04921145931794714,-0.5176360651337496,1
-0.03646382252082493,0.12741984,2.13762332129994,-0.1458702571214685,-0.644186410480064,0
-1.5101583685164988,1.6135437,4.67344683569337,-2.0831749376682676,-2.462816294841639,0
0.4407899138683267,-0.36525613,-3.809001437552122,0.4305913590073512,0.5337274703278881,0
0.8896275892848786,-1.0779432,4.877421735962198,0.9210424573368593,2.654276005590682,1
0.49764738896250615,-0.54661477,0.7242685431425339,0.34745605294766785,0.36568596200093995,1
0.7239955472526687,0.927407,-0.7034410599180032,0.9047622208412502,0.4744217884059955,1
-1.1209035645213357,1.2941502,5.7459701517053245,-1.536909971507151,-2.410412791928894,0
-0.1509668034466968,0.905214,3.134902309087347,-0.2459230097525175,-0.45013390378051465,0
0.22630998005784456,0.220079,3.4631344703983813,0.18726310080326858,0.8227077572936451,1
-1.69204906422994,-1.5256675,8.988121457937178,-1.9719807636523532,-2.392292511433443,1
-0.7049546919833478,0.75022143,2.5320535680732092,-0.9164675042107276,-0.7464341838961076,0
0.6212616880006662,-0.9004189,1.9444214435040408,0.5260810414367172,0.5529782482622841,1
1.489881448735974,-1.2047801,2.981097241039673,1.2134916911080453,2.5784088373799907,1
0.7310977894407285,1.1298636,3.014481628351941,0.8199900833524476,0.35690238749158587,0
-1.117642886204496,-1.4605595,2.9728771413432056,-1.158238993462408,-2.3651084273317258,1
-0.5912952869321979,-0.8418931,1.3146831228373521,-0.7528872915821417,-0.7365085200436613,0
-1.9694662497486066,3.0565128,1.3448817995150375,-3.0148339461083595,-2.6967600546709916,0
-1.4908763551344577,-1.2252941,1.0704591284581246,-1.8289569745517673,-2.6340658190120854,1
1.321276765870582,-2.1721487,6.2348236342161325,1.4644742688911638,2.8249680157712156,0
-1.3633040634621787,1.8923078,3.4306396193372617,-1.7136518560424738,-2.606415309777777,0
-0.5837559148900057,0.9396874,-4.08589086870924,-0.8511954650729715,-0.8682802818847496,0
-0.21623918468187833,0.43641776,-0.15084224751582975,-0.3862181572987693,-0.49243715192108706,1
-0.017951051224620776,0.12244974,1.3892195099419216,-0.08863978452866952,-0.9737450698355443,1
-0.9089451860805996,-1.003685,2.281931370342012,-1.0085362697599116,-2.43573480674551,1
0.9207491841349419,-0.9303668,1.6505465848721796,1.279693400327083,2.4912076408852495,0
0.5628380130297091,0.3773092,1.7032148366899131,0.5097061950708102,0.6772163510082156,1
1.3504250773577324,1.4291222,-3.89249059475615,1.5542435928953735,2.3211549488757885,1
0.06201226655406454,1.5086843,2.29908261250972,-0.008895485304769208,0.6272224886096956,1
1.4861314976395257,1.5473446,3.3677780489768643,1.3437710510499346,2.5932228131500974,0
-1.4255305578400874,-0.010161667,9.15712147088554,-1.61271062492073,-2.1066144828827134,0
-1.0321880504994814,1.0998274,3.1951603967506257,-1.2093093335894145,-2.37822056481844,1
-0.22761636161912466,0.70383835,3.43776349383162,-0.3567958771795986,-0.4026221939278632,0
-0.9331837428381261,-0.9135551,3.1546751377831033,-0.6154508278164951,-2.6265363645441977,1
0.9954751683709825,0.8732807,1.3600795766571858,0.8783283172033712,2.810462982517777,0
-1.1125730464493715,1.2210586,5.605813035135029,-1.5320939509476028,-2.3853795987808724,0
-0.5395015828816883,0.8810575,1.636036389076113,-0.612037231093656,-0.8485548349988152,1
-0.6931115680492045,-0.21054086,4.01532155638299,-0.9205854084588072,-0.7225246208429554,0
2.2656292031440017,3.0543237,11.948400885564743,3.116044276616186,2.3971095807995906,1
-0.714252776639328,0.87119764,0.8159481534795403,-1.0849827182473084,-0.5402463692157803,0
0.8928133753024559,1.2811512,3.0177640328451676,1.0522000807940177,2.5081108525901104,0
1.221427240630276,1.7265793,2.6928014849911315,1.520370262491344,2.714442915709417,0
0.4558692593598488,-0.27588996,1.9677984817291851,0.2663286413375226,0.9448120999453513,1
0.8969370514804572,0.95754,1.339687322072562,1.319093915991135,2.572234073366292,0
-1.1190434918866152,-1.5094143,5.862038180001574,-1.4744377901897578,-2.2845091919719613,1
-0.2140002230380009,1.8700986,2.6423262602571325,-0.3698590450668575,-0.5283024009816806,0
1.7864240123424964,-3.6583757,4.179256632731946,1.9400946157752161,2.4599125468929026,1
0.34122638676852984,-0.23680775,1.6229536155319964,0.25227081016971836,0.9872335878154056,1
-1.8722797681985155,2.4923146,5.43342642345827,-2.1040006308184314,-2.493937504468121,1
0.1670283562676524,-0.099068984,3.0836202802649435,0.04047235746445649,0.5438268969986458,0
0.5429048864579037,1.1202422,1.8308058894599417,0.5485631777759472,0.48520377553001504,0
0.6586652532956438,-0.32901776,1.3510232959812847,0.6441120067853643,0.4353072233719308,0
0.6475467570488069,-1.1374818,1.2090857373334356,0.6094415003232818,0.8004672008968413,0
1.5918528999128307,0.7021358,2.832829020605413,1.9802049393546213,2.3867822635051494,0
0.09489224360447283,-0.0034709168,1.6306961438114702,-0.0885822738735182,0.7918050342769478,1
-0.024499080263826124,-0.08211481,4.504205518437603,-0.14496776492229338,-0.9004208181059191,0
-0.20589508231742987,-0.34178504,-2.236355891958935,-0.28270533121152525,-0.78028281677776,1
0.14249400109762836,-0.13187341,2.967282910765181,-0.007809038755368642,0.7713094818557293,0
-0.9117935319390406,1.5809314,1.9050494926386412,-0.8890966815712965,-2.639838146834944,0
0.3868838911821479,-0.29503554,2.9523636928436594,0.28371123806808246,0.5795558267374872,0
0.003078789393271672,-0.08314343,-18.34833187271584,-0.09326066877282585,-0.6124413353698015,0
-0.5611071631440036,-1.1373969,-6.511199403625167,-0.8069250869677643,-0.6504624141678469,0
-0.2761180795936493,0.3731094,1.8942413446285224,-0.550211187338814,-0.5476670023029933,1
-0.4029510148061182,-0.48008212,1.3177067583847537,-0.44691366470978316,-0.5782988671631117,1
0.0925625862511014,0.18944202,0.7313109594537406,0.015767058006495957,0.6058206293291628,1
1.0366897866360756,0.43834344,4.690256715572168,0.9618399285901562,2.5025914067776753,1
0.5392925524871298,-0.5513095,2.3148193079271806,0.4178399954654896,0.6363048790408411,0
1.5804878122118398,-2.7191508,-3.7059161216696186,2.4050717890228546,2.5150706041996815,1
-1.1234653036584292,1.4676254,2.2830488029995424,-1.4269301785350712,-2.648487723314854,0
1.134085827817025,1.7159021,3.6282903094048167,1.0336941783359714,2.4861433681283494,1
1.9710897821644917,2.1370134,5.640383744742522,2.1639544377761073,2.7976104805772555,0
0.794234924643951,-0.83403826,-2.9554624521828465,1.1106595508446213,2.7748815117606163,0
-0.3927115913800895,0.9087822,-1.0239019219368233,-0.6450187143495948,-0.7190867448804692,1
0.5252941222535933,0.25529757,2.363282811223233,0.46564428460786605,0.6413121534711784,1
-0.4501865176620373,-0.3461837,3.976962190744444,-0.5933021201775078,-0.5014659892456095,0
-0.20197667452547546,0.14315298,2.735514912623399,-0.4405466195272487,-0.5901290546394423,0
0.25339395727967423,0.942271,2.6688134204419276,0.11836268817721302,0.4278179584716005,1
0.3655316136314848,-0.5611828,2.1980161252572143,0.3085196678581022,0.5099449546238827,1
0.9371721061724174,0.50938874,2.225019593666035,0.9688512027648187,2.414197464065963,0
0.4826320748089764,0.36439934,0.024957585317087583,0.6024839701947493,0.5307309961060567,1
1.0840796088223918,-1.4405972,3.143070725017949,1.37542215573523,2.4375519300357125,1
1.50491639558019,1.9685826,6.745467751485689,1.3440223683351522,2.3932359421563696,0
-1.5390090513743893,1.4729785,7.544062461663093,-1.8729513829196427,-2.4965373251368925,0
0.7911863241033477,1.0758955,0.9559207679282804,1.0548997474681951,2.5179770513549204,0
-0.6735718456178791,-0.76199263,2.817226041551446,-0.8452891531328702,-0.7333417843201779,1
2.223321291814519,0.8079737,15.404678035356024,2.7191919346422693,2.5702063309349095,1
-1.3260381106026122,1.4177275,4.828861213218867,-1.5046166792515465,-2.4203486900033764,1
0.7109839529804933,0.84715515,1.418331833489607,1.101262996318016,0.4204096201216939,0
1.8454297646654343,2.3034122,4.786083997827772,3.1196047315594213,2.574598894265494,0
-0.588592938590388,0.2673986,4.408148619835299,-0.6295134243652967,-0.5992593787928365,1
-1.8494328353099008,-1.7146298,3.1567777568342454,-2.1811386593447795,-2.482597699999149,1
-1.7449776134121358,1.6732306,7.517041214637653,-2.4363565298802543,-2.4476531595145317,0
-0.34831329914627396,0.76189035,1.8997245349060308,-0.48477590529334313,-0.5642733735481231,0
0.8202592649367523,-0.6990948,2.876974720251368,1.1070340132420073,2.837936911678673,0
1.2213666296091072,1.359357,2.974807488251386,1.5381360454172532,2.8016908836954317,0
-0.3681623967926625,-0.31613463,1.8314642955423028,-0.5425200718474569,-0.45391512704707054,1
-1.2597054843700997,1.4086597,-6.914160272334858,-1.7362380609276533,-2.2445881659540605,0
-0.7662435595730729,-0.8183014,4.15257518973664,-0.9915073031050524,-2.6344604918598673,1
-1.258039088384618,-1.9591945,2.781452508127852,-1.4339396346055306,-2.714768445719328,0
-1.0797562223096002,0.9809696,2.9137596027001944,-1.2341897096803451,-2.2605783238348933,0
1.6847594913497077,2.5327342,5.63154999590124,2.549113819705215,2.7948599431413004,0
1.1108092174924094,0.13821405,7.205142528464151,1.1661788982209982,2.3946891909345647,1
-0.5323044623823763,0.6487276,0.7442538344421501,-0.7974807257333016,-0.66831270368356,1
-0.5843634484620526,0.8937024,-1.2439400659294844,-0.7758401010770104,-0.8656751874825914,1
-0.9724456266609006,-0.1562245,3.0988722787567657,-1.1451812170261835,-2.6456841491979803,1
-0.1434983956691063,0.5106493,1.253817623179117,-0.24857965752134745,-0.8420322310007263,1
-1.1963465980552281,1.6208538,5.828353993212785,-1.5129484029347078,-2.3150014209468033,0
-0.9921183955538669,1.8066242,2.764284318289709,-1.0071715676243145,-2.798065422097775,0
-0.42603015072683076,1.1516598,1.788972682601856,-0.49714930534960433,-0.626864367228863,0
-0.5566312786803107,0.8354381,2.659861641053987,-0.8046377451888271,-0.6162426177647532,1
0.32534063265364926,-0.09870631,3.518933442241241,0.21125912498580487,0.6057286143804411,1
1.0206745870005725,1.8308957,3.986366543475972,0.8471939781765464,2.458820771718087,1
-0.7872571250978073,-1.4140947,1.998454046274877,-0.7613908600613175,-2.709284312907788,0
0.7883323350906706,0.9687039,2.0928268746084178,0.6138233492211144,2.8099939765991304,0
-0.22294746789876851,0.2339517,2.1335641929100757,-0.48666920580919104,-0.554360566912261,1
0.09668568058677776,0.7066601,2.28929067843428,0.015811056700358147,0.5414890971584637,0
-0.6068587205915246,0.8631697,-0.09169752190955904,-0.7630204812548954,-0.3493214665304993,1
0.5889893301275906,1.225961,-0.3210201136006994,0.5245196139299578,0.8125239655838675,0
-0.8505268342086753,-1.102758,-4.915674853010292,-0.9030475600551875,-2.7434646051300784,1
1.4403315542600783,1.215203,4.821797433619237,1.5487625750404197,2.629686353896863,1
-1.6603054960673096,2.2036963,5.160692350503407,-2.2773821102186242,-2.828206603619074,0
0.7737204330159126,0.6653852,1.565927196875823,0.9204535742737824,2.8225200731072384,0
-1.654433341486527,2.1294372,8.799308736513412,-2.083901539287046,-2.521383367052028,0
-1.4116276839153301,0.18024376,5.036827335256356,-1.2647900353304558,-2.7210944186620014,1
0.8039471877051523,2.1302733,3.7593676130536835,0.9698160549752423,2.2401055408068293,0
1.4458903304601163,1.3403084,4.807347614665375,1.3215002798993027,2.4000365595687136,0
0.36866970228808943,0.33880344,2.1998772071339983,0.33298042698925867,0.6055896257260921,0
1.448419705943329,-1.9292176,6.492803145725119,1.5584040016085794,2.629440051033288,1
-1.2616698428650264,1.4206074,4.7547449601862,-1.2943941899090616,-2.504845465465094,0
-1.0653320540869138,1.8631928,3.688800454112406,-1.267090706125584,-2.4869649958419977,0
1.0005434965237285,-0.45220032,2.5469270721491704,0.7459905872099152,2.5566788245119834,1
-1.0311875727094195,-2.8435023,1.7229789102822444,-0.9636731861811286,-2.450760158966228,1
-0.10991959966214288,0.20068504,1.3690475790774943,-0.3135383677806594,-0.813446929555838,1
-0.8936074626808362,-0.49482676,1.7871040990948077,-1.1537972423473233,-2.5846879650602466,0
0.401133446965867,0.25507325,3.8552773129911695,0.5404849609296624,0.9580042081078257,0
-1.3824396323552044,-1.2017372,2.755995990464611,-0.845604829227066,-2.7630893668954433,1
-0.3729201781207187,1.0302583,1.9562595353010857,-0.44632176870973167,-0.6663287702210119,1
0.6328568831422553,0.44874984,-0.9680319465904956,0.48825289283593165,0.6470950859388117,1
0.7593384836480205,-0.8835725,6.485617096276812,0.8231094047489877,0.7006361905695785,0
0.6765072993360325,0.48801413,1.1254431424398157,0.6650378691885303,0.5651133201573139,0
0.8473595024627901,0.63140166,2.325873347595292,1.2183597025851685,2.547954425782194,0
-1.3229685312615724,-1.6391946,-0.992618484202771,-1.6697558432615451,-2.5546190575112906,0
-0.924956688140117,-0.09730894,4.749092853984837,-1.2339543581371608,-2.624930849715408,1
-0.8629191290373253,-0.86949736,2.7426327760489193,-0.8166326978736351,-2.9510787068043705,1
-0.8355049172170702,-0.8885193,0.626685964234655,-0.8394138133085397,-2.562886922815354,1
-2.381810053898359,-3.137411,6.770475944983703,-3.06313171990849,-2.4352129415036963,0
-0.7402182033590949,0.9682721,3.253599437480031,-0.7467648681095519,-0.8510021115149945,0
-1.6104261469474572,-1.822029,3.0902872282201046,-1.6224269369958104,-2.5640677329514205,1
0.31850336286767733,0.36986238,1.9845776711461722,0.29125136112726974,0.4243631474395115,1
-0.12369285921376512,0.42875618,-13.638566422407605,-0.304728392768164,-0.9530931689625766,0
0.3136102090657894,-0.5127765,1.3190646952793519,0.20434176883583813,0.49727082878339296,1
-0.2710165641964855,-0.12638386,2.072500951461002,-0.4156928730796219,-0.44332717412275685,1
0.7565851215715811,0.2683732,3.0414949085166616,0.8255370600559414,0.8241790815506964,0
0.5983585660494044,0.24412818,1.8760753370400853,0.5285676942850671,0.5973261109718254,0
1.5837322998042485,-2.1930432,9.83026095642974,2.1944596424707465,2.6562375724653244,0
-0.2533364614489082,0.35997477,1.1047256463924349,-0.4929367798776274,-0.39452145593035015,0
0.8756134889707162,0.36607575,3.3770556833189214,0.7987058786503676,2.747072604470398,1
-0.9442693647486063,1.5614134,0.15622607084996032,-1.2620712020912737,-2.537797734203745,0
0.47449985174263704,0.52415466,1.18372021017182,0.6005328697377622,0.5667039161576828,0
0.3015961763929272,-0.29221696,0.6154609798275793,0.15496508925721605,0.6078223224664817,1
2.018136769310234,-3.8447678,2.1434367538814865,2.436407023954361,2.4851010167080627,1
