v1,v2,v3,y,z1,z2
-0.6169610992422154,0.23227850992325338,-0.8269657471328162,0,False,False
0.24421754207966373,-0.5614176500545531,0.506027654403121,1,True,True
-0.12454452198577104,0.745047332589025,0.4845786001872754,0,False,True
0.5707171674275384,0.2957298183212935,-0.36898728260561353,1,True,True
0.559951616237607,-0.053994110488269964,0.6906288544013994,0,True,False
-0.45481478943471676,-0.5316193577372708,0.06909331514203698,0,False,True
-0.4470714897138066,0.667643626120134,0.6651407089627766,0,False,True
0.6037443550700385,-0.80296735094459,-0.6279320303548115,1,True,True
0.9162787073674103,-0.5899462796756028,-0.44809394840650185,1,True,True
0.7518652694841894,-0.5305388524484056,0.16611518950181936,1,True,True
-0.28436546008426666,0.193947545019729,0.8599029243814764,0,False,False
0.001990251046917413,0.25693508195197334,-0.8854092050564468,1,True,True
0.3669258703442726,0.965302083238387,0.6365946954053008,1,True,True
0.4254040539658004,-0.6473666684174586,-0.6707540511049077,1,True,True
-0.25949849041921014,0.599954825913992,-0.12058778863176634,0,False,True
0.12239237213124987,-0.68947198646313,-0.2669584786931942,1,True,True
0.006166330615619442,-0.2780160835481449,-0.8684424245899263,1,True,True
-0.9724631008186355,0.9101505132994745,0.575617758895987,0,False,True
0.5456532432247481,-0.7396832642906523,0.024776119423147724,1,True,True
0.7652823812722331,-0.4543068296959414,-0.6463229916882178,1,True,True
-0.27022803219725544,0.6182357361482165,0.0416624350804653,0,False,True
0.2307923568669874,0.9313141133474383,0.18201812853809396,1,True,True
-0.8492375167140469,-0.8151556719391002,-0.11092277099254821,0,False,True
-0.262351987996051,0.16684854041725306,-0.7139839897673816,0,False,False
0.8662802039650432,-0.1891473873391567,0.9225282198427258,0,True,False
0.3027562864531548,0.7986483756984739,-0.1644604472979858,1,True,True
-0.2055948445476916,-0.8304331088610963,-0.739949725572354,0,False,True
0.577460285881491,-0.6377274467878731,0.3019861518053504,1,True,True
-0.3663277556622575,-0.8986690526286549,0.1758108024872953,0,False,True
0.13619730525213836,-0.39744252373986044,-0.49052498892593643,1,True,True
0.7382547791224516,-0.6196322913909134,-0.4251343394167615,1,True,True
-0.12765315220864126,-0.982789225574259,0.6105577194326943,0,False,True
0.6042952841603182,-0.7449541986910859,-0.8875847459301169,1,True,True
-0.7124663509708709,-0.7742705523658084,-0.44361662369674426,0,False,True
0.4085219422366708,0.4608289029384667,0.8734227850828056,1,True,True
0.4091626163791451,-0.5212499343265198,0.6768131399529798,1,True,True
-0.5624157886518228,0.8031402420754505,0.8163477086796027,0,False,True
0.8497352572311301,-0.342972140493206,0.1892341749412887,1,True,True
-0.11571848919164673,0.748085445572441,0.5470026389545974,0,False,True
0.818631917944945,-0.5269409700250103,-0.31180001133759694,1,True,True
-0.8803815544402962,-0.2430907886616458,-0.232265456062692,0,False,False
-0.6314258323723727,0.08458111598252782,-0.24411753386765356,0,False,False
-0.9052894423969697,0.03158796455115209,-0.14807169389912045,0,False,False
0.3497618871646604,-0.17239576364128206,0.41379569437345354,0,True,False
0.1892495598688977,-0.22226677419382845,-0.5116587414536302,0,True,False
0.06662032599750112,-0.3193383641523415,-0.644437274740906,1,True,True
-0.913351874610393,-0.19553073958679557,-0.5670690721090206,0,False,False
0.12286616012679574,-0.0857802065687503,0.4487807966221138,0,True,False
-0.34066310875816996,-0.23401788460003803,0.26297403858125157,0,False,False
0.005933666225236722,0.3161794547085197,0.5890698075111485,1,True,True
-0.7762113648511924,0.7624284124136826,0.5714370276616174,0,False,True
0.21438741243696913,0.14534516866166158,-0.7100453523769907,0,True,False
0.13188928610106276,-0.14391908592709246,-0.8250236913144233,0,True,False
-0.9864718760199944,-0.48324413358802687,-0.4864861512072125,0,False,True
0.2348834176085941,0.7305388663450214,0.2802348247265112,1,True,True
0.8242457728663086,-0.6534433985254213,0.13941578021248313,1,True,True
0.5810482661140668,0.15990564964850829,0.7786863907548573,0,True,False
0.9841629323767229,0.4547549967557203,0.8362837315762734,1,True,True
0.917603524305733,0.46080467070152187,-0.6952301216196493,1,True,True
0.5839282705832796,-0.19200836798788812,-0.7620299897273708,0,True,False
-0.42949807995098044,-0.7641450580293627,-0.9798927105303072,0,False,True
0.24983341061182207,0.5271892618370133,-0.4403210231079302,1,True,True
-0.04381240865865088,0.06732218446329186,-0.7541557778942969,0,False,False
-0.6086496426682035,0.4440697175196242,-0.0847278506348077,0,False,True
-0.23536509593698707,0.1952646700394165,-0.6231970292617095,0,False,False
-0.8922526297075268,-0.154268060024088,-0.9847770510401701,0,False,False
-0.09670318347828188,0.8669721753202939,0.7926759537756696,0,False,True
0.964009483043909,0.9879419860204846,0.9951058976611984,1,True,True
-0.752114599026074,0.09567767788406933,0.6120081073941324,0,False,False
-0.7612382041475032,0.46046914368549907,-0.9396641333565703,0,False,True
0.4770461122866936,-0.9440314298704808,0.07064696889809996,1,True,True
0.17460726692796924,0.7271825532855085,0.22000100202151418,1,True,True
-0.05673493135926444,0.9972615187202303,0.7028472802339134,0,False,True
-0.7857463656122674,-0.3493803521143424,-0.18008399228431826,0,False,True
-0.5415628690787642,0.7005216689376854,-0.477205949314073,0,False,True
0.7999303896733507,0.22298423881065266,0.5095819639759791,0,True,False
-0.1664929243946136,-0.11777384052908402,0.5821519651378533,0,False,False
0.07170332506323174,0.054409174415329664,0.5745794058975295,0,True,False
-0.9875829668257412,0.5596412230554606,0.8955637371503407,0,False,True
-0.3987165884593977,-0.49729961317539373,-0.19958352817711522,0,False,True
-0.12621365564877962,-0.07421535765386378,0.316432764626549,0,False,False
0.22429799413151508,0.6943733441202355,0.05127241547829775,1,True,True
0.8363961507611462,0.3560471886940484,-0.1637141888206941,1,True,True
0.2514733399250706,-0.2642754131227443,-0.18492936860378983,1,True,True
0.4119951301635465,-0.7240339813401628,-0.25746218727046766,1,True,True
-0.7003325680201455,-0.19438110479178916,0.6877887485779228,0,False,False
0.4921268182734333,0.8625941847248273,-0.05834784454931574,1,True,True
0.6620139848670756,0.34632557063646896,0.16979918582726294,1,True,True
0.2674515379019582,-0.16154036925576087,-0.6685639567474073,0,True,False
-0.12338023775514495,0.13733322412554005,0.09431648711177032,0,False,False
-0.6948544506509893,-0.9165786313165236,0.07763704300519847,0,False,True
0.13681923049438027,0.9912682550987582,0.015259908046023174,1,True,True
0.05644855517012104,0.2380084382326364,0.2861617665995242,0,True,False
0.9028575275071864,0.5589322475524772,0.08936747355566843,1,True,True
-0.039281642979967835,0.8626772706966894,-0.36349110839103926,0,False,True
0.005119126765100734,-0.3167628790732284,0.576382679236638,1,True,True
0.0737563858488195,0.6225983989480854,0.12885067129577865,1,True,True
0.6384041341283166,0.7454196044110657,-0.16884227950712583,1,True,True
-0.8857687238222802,0.3319764501338136,-0.3441386754437925,0,False,True
0.33884348614909765,0.1775730963541049,0.8412962773442694,0,True,False
0.534233256758945,0.7867045205986807,0.8609385296008087,1,True,True
0.41623072395520766,-0.1028319624911711,-0.9786164965630288,0,True,False
0.5937343674503932,-0.5112328412478888,-0.8138354418501159,1,True,True
0.1155216568548989,0.6283459286609023,-0.7318211127917511,1,True,True
0.9316730639842552,0.39429879716812666,0.2546740486731074,1,True,True
-0.7056862002140056,-0.18079091791256086,-0.47661654922301344,0,False,False
-0.9407059989291688,-0.9885698314696856,0.1650859148819117,0,False,True
0.18778698524954351,0.9080287281186648,0.10980397580083379,1,True,True
-0.771868602514675,0.21050519924147038,-0.5993186714201248,0,False,False
0.9016197001682444,-0.9869074468023917,0.31416024003369913,1,True,True
-0.34858517114930554,-0.0030130259020773043,0.8864137740605558,0,False,False
-0.6127626196924456,0.1972706920375491,-0.2864646318682966,0,False,False
-0.08437670220514493,-0.39970509974691093,-0.9363974678372058,0,False,True
0.8408051421861755,-0.07648500766251942,-0.05294592171895052,0,True,False
0.7581383230293515,-0.00880043768753258,-0.8650848154349613,0,True,False
-0.49476848990693956,0.17131828185950582,-0.001492276067548426,0,False,False
-0.3039824142613077,0.7392759769137409,0.3842874620055794,0,False,True
-0.6348225368393825,0.6644539183600566,-0.8477647678881399,0,False,True
0.8035921027419841,0.5571260960092164,-0.5403399408020055,1,True,True
0.4130563263435949,0.09686621537418327,-0.0052642655911374625,0,True,False
0.4533169231242815,0.2269039130118693,0.08558145346767687,0,True,False
0.8001756736194154,0.468539454262626,-0.01013021091240196,1,True,True
0.5583276015386485,0.1327381828080032,0.6025659341606051,0,True,False
0.19830956120858478,0.5504202694326024,-0.3840814742420797,1,True,True
-0.41774951020425033,0.9730912115270609,-0.771960442496068,0,False,True
-0.6972094711851358,0.578411379391452,0.12056207756133874,0,False,True
-0.3296506817011302,0.2286719633326899,0.5382177004437405,0,False,False
0.31510355431563886,-0.6834309214937477,-0.12962614884267043,1,True,True
-0.8533149127347637,-0.04722737157297008,-0.8329322280075719,0,False,False
-0.8899872091875527,-0.43270165310787134,0.1971877373728752,0,False,True
-0.3536103721576471,-0.6923754694957165,0.6921282748376534,0,False,True
0.1809636089259723,0.5544408390583428,-0.6334886572670906,1,True,True
0.7077971342512834,-0.8820737332119399,0.8259383827726317,1,True,True
-0.425875149999982,-0.8417549969698648,-0.7926954711983039,0,False,True
-0.6538655463704157,0.3284769253788349,-0.7463523767338962,0,False,True
-0.7319575880023144,0.04668996210201293,-0.9918511662811165,0,False,False
0.989307657288589,-0.10718622084050433,0.569178058145178,0,True,False
-0.6410042610612163,-0.38633910592954757,0.12095689883566907,0,False,True
-0.36490635394560833,-0.9654297572339254,0.3210402733519937,0,False,True
0.13658280931821443,-0.4129463171993686,0.04364451919022705,1,True,True
-0.981302850999511,-0.46441206877556995,0.5914922946514019,0,False,True
0.8012972423101838,-0.9265487966645682,-0.4967116967470915,1,True,True
0.9544828618451742,0.6080791558500311,0.060963009880614205,1,True,True
0.11378935827366976,-0.33240088541080937,-0.8873914984181881,1,True,True
-0.8304523132116197,0.7837733691350599,-0.7253349891764205,0,False,True
-0.33399506854179983,0.6207064670421987,-0.7160238746915892,0,False,True
0.456857352739344,0.9282024150860735,0.32753591552592076,1,True,True
-0.7151292533163656,0.9154281276710037,-0.7843209565914944,0,False,True
0.104937878995091,0.182331009856036,0.5140691284063532,0,True,False
-0.4539134806326288,-0.3769933612598497,-0.09149013224371183,0,False,True
0.9489902761745195,0.8368414605601215,0.38825531496086363,1,True,True
0.3355738122900753,-0.8986990875372975,-0.28654525096278305,1,True,True
-0.4886934271317207,-0.5485146372132639,0.536035434747347,0,False,True
-0.7833770116345424,-0.2745878026519102,0.6346554817160048,0,False,True
0.5523614463477644,-0.17548859687902607,0.8534873853490768,0,True,False
0.564955985200404,0.8892425913766815,-0.5859248714952086,1,True,True
0.5232078286149882,0.158765090052589,0.20191304603021565,0,True,False
0.8288062265386476,-0.6264796977472373,-0.9310443900830618,1,True,True
0.31724556388484526,0.19296933058783972,-0.41402046267636017,0,True,False
0.13673516314586487,0.867512594372507,-0.915398025852336,1,True,True
-0.5964886150940434,-0.7317237192803461,-0.8054645044450357,0,False,True
0.3965927511035223,0.9645670605733627,-0.39816698704836595,1,True,True
0.9043908196309547,-0.6922486935539363,-0.8794667577391695,1,True,True
0.7799265742840102,0.6414562749168158,0.16635583995529912,1,True,True
0.9871347257263474,0.3550729494936735,0.448833140873542,1,True,True
0.637407020407851,-0.19182148062754045,0.5015366011301814,0,True,False
0.09024433235943974,-0.5654259172973874,0.3961988028688299,1,True,True
-0.09749189007180337,0.5471694704642582,-0.773282453030741,0,False,True
0.7811143758577146,0.6953918582616807,-0.4260811620446314,1,True,True
0.9465295822373379,0.059399239741990684,-0.47571079312114306,0,True,False
0.18682265913793938,-0.18080056097578123,-0.8675438711322438,0,True,False
-0.2678510045590583,-0.9633841067045958,-0.9956461001458412,0,False,True
-0.35381061406750103,-0.7026807742987085,-0.46131120067293185,0,False,True
0.742846510097396,0.6086703801250384,-0.9323784123357994,1,True,True
-0.5687318740232084,-0.1604437528039191,-0.06427505050386473,0,False,False
0.46989037712439274,-0.32156485945161384,0.08165310710492224,1,True,True
-0.26876182526562875,-0.40570829905560424,-0.5904490460762473,0,False,True
0.6032051970055203,0.4359719871268628,-0.5424032017957185,1,True,True
0.5654711839507525,0.9956143626279832,0.30666217456406764,1,True,True
0.402710758473386,0.10380455107707176,-0.9607561800062632,0,True,False
0.24555317320639825,0.7797920904190032,-0.40116780213777403,1,True,True
-0.01263470850577586,-0.6630634258714718,-0.0391688434224533,0,False,True
0.6810754002369774,0.7671285923088753,0.042547426539844224,1,True,True
0.42419397388729463,0.40555127481966236,0.917996101940751,1,True,True
-0.11218203716829511,-0.1557826921104455,0.5213594301582554,0,False,False
-0.9379302777333347,0.7266298955207544,0.6068528161439697,0,False,True
-0.2735204796128039,-0.5299135477149781,-0.3408787491058425,0,False,True
0.46144358282067754,0.12750132685967608,-0.24644178566672492,0,True,False
-0.04886685383271683,-0.9468794981260109,0.37411320740719867,0,False,True
-0.31116605975599465,-0.2398970917266834,0.4145057360450697,0,False,False
0.28176086999203753,-0.2763298058465111,-0.7783070173096951,1,True,True
-0.7475893567712011,-0.8175129501403002,-0.4644945078155047,0,False,True
-0.6570694780715005,-0.9094929325246375,-0.9389344528656334,0,False,True
0.4741729873770433,-0.3150969734104534,-0.19801206125612403,1,True,True
-0.7459412128551952,-0.2891720493674368,-0.9877555846522132,0,False,True
-0.26070025010674636,0.9916764760973378,0.3377434177562373,0,False,True
0.2086680096720528,0.8884091437069748,0.7377985428368192,1,True,True
-0.7937911222887055,-0.7377117763232073,-0.24835385227974593,0,False,True
0.6047483646744203,0.03671011094957355,-0.4377791359387233,0,True,False
0.8911064716842487,-0.045509249300076604,-0.797298726101221,0,True,False
0.9580776398678752,-0.19778718267895012,0.6114315821480056,0,True,False
0.7624644926778541,0.8612288033301689,-0.031451768133119895,1,True,True
0.25536384292795034,0.030672293899533853,0.7533500942096287,0,True,False
0.8609730668053313,0.619164037194095,-0.6955565207390177,1,True,True
0.44957990620487776,0.7635444555502406,-0.5605673251349199,1,True,True
0.4333557721107124,0.5253355641412343,0.46654219165291533,1,True,True
-0.9178428668316323,-0.07115859563626992,-0.8689588682445037,0,False,False
-0.12103644966505023,-0.852160790679128,0.6310225638369182,0,False,True
-0.43586043376782446,-0.05900128425202178,0.7195462852593315,0,False,False
-0.3300080622161454,-0.5988560450846514,-0.9367789366774528,0,False,True
-0.8329459859111994,-0.5828655528085915,-0.8663935139132453,0,False,True
0.5216982941147721,-0.6449207996017663,-0.05390984988043157,1,True,True
0.018544894327907846,-0.2915171027574228,-0.5887644729927433,1,True,True
0.3220948352169044,0.8235062524334409,-0.5491124968228711,1,True,True
0.26062888496856296,-0.13295816191343945,-0.13124286978790067,0,True,False
-0.25814634508494505,-0.643408227360728,-0.5341800221112329,0,False,True
-0.10651969653831062,0.5043244981512456,0.6568178760890444,0,False,True
-0.16978355960481362,-0.8990588685944496,0.7828838595898704,0,False,True
-0.0392229839731868,-0.8346629652290702,0.6286135713098682,0,False,True
0.9666471467769324,-0.9228331169102377,0.9225999799395557,1,True,True
-0.2531525852929253,-0.06944278703418516,0.3276947004942097,0,False,False
-0.9751860365445728,0.2076573269915727,-0.908086261102159,0,False,False
0.8438066755980578,-0.6364213135890875,0.7511071838278158,1,True,True
0.7465521406884159,0.03805940124229967,0.8859003482216365,0,True,False
-0.2965063568248225,0.42030655172713116,0.9382116242706613,0,False,True
0.2602662250045842,0.8499607568816976,0.4986026456608248,1,True,True
-0.28434608131661787,0.05826328977645279,0.8654727945398695,0,False,False
-0.5743601247030701,0.942371464649298,-0.8231768414974614,0,False,True
-0.5533615537546956,0.09450552203241469,0.6686935239653604,0,False,False
-0.1608724165383446,-0.9871240429662229,0.46276116630783104,0,False,True
-0.8541795578438665,-0.05444650294210507,0.9228916432891567,0,False,False
0.3016781402733846,0.044176159441358775,-0.7706658405434463,0,True,False
0.5113722979018749,-0.6955821838233354,-0.47303819784413803,1,True,True
0.8642024526236245,0.30846816822777656,-0.6051446507103759,1,True,True
-0.24719168083600418,-0.7391127396661898,-0.7088210638990395,0,False,True
-0.4061454331009331,-0.09170225258056242,-0.4608953859841354,0,False,False
-0.25611137501169967,0.9647229018499914,-0.8321897351959908,0,False,True
0.6553987176072684,-0.7349718116947705,-0.608512752909101,1,True,True
0.8022790705005896,-0.879442157506864,0.895038375416485,1,True,True
-0.1453924302850076,-0.8642554434357228,0.9394740328063098,0,False,True
-0.9956211383537568,-0.8077079059141101,-0.9922067068765899,0,False,True
-0.9160695108706596,0.6386847498250385,-0.6314141210690325,0,False,True
-0.7164252336744708,0.2592130084453279,0.855932192307574,0,False,True
0.19647437021033332,0.5672620102821495,0.3730005677961885,1,True,True
-0.7870789559762783,-0.8457291944756782,0.629588471493463,0,False,True
-0.4056820276513642,0.9439966215313631,0.9801577277112714,0,False,True
-0.8832160201757344,0.7656671259832832,-0.8386198936258829,0,False,True
0.24264972050272315,0.2608662582991661,0.1470234939239785,1,True,True
-0.9546390477504334,0.858146177088936,0.7330368664237912,0,False,True
0.7101093722633134,-0.20374678869947416,-0.5071896972628838,0,True,False
-0.38732559426745516,-0.022147806731377173,0.1866703452957077,0,False,False
0.5175668895078083,0.371606468581021,0.9517240298465401,1,True,True
0.12655022027973217,-0.43680684028805516,-0.6123776842295734,1,True,True
-0.9236716356427037,0.35339990848963043,-0.4141269762553119,0,False,True
0.13103344811967577,-0.00853657421726517,-0.007160499856961877,0,True,False
0.3177469772964172,0.582283963345533,0.30750406044455314,1,True,True
-0.6334673012146443,-0.5623329380976692,0.2132252115694917,0,False,True
0.5948226161822772,0.4923916731426592,0.4157485629314501,1,True,True
0.22473485893789769,-0.09177790613510273,-0.37159823832100036,0,True,False
0.11130676889947377,-0.1834753461250076,-0.10829297880374988,0,True,False
0.25898308924476865,0.8452869718084155,-0.3978203773281508,1,True,True
0.37236015066220407,-0.6985587128871018,-0.12543231386349918,1,True,True
-0.5192349249544268,-0.7380342972981502,-0.8984507385474072,0,False,True
0.5758555759590793,-0.23621984662962192,0.907022775814875,0,True,False
0.7129549141191416,0.0839732062375751,-0.6422131653602396,0,True,False
0.45559203119723835,0.8887403168406409,-0.8464945635484067,1,True,True
0.3846902868319222,-0.3534824611918801,0.8735738757020799,1,True,True
-0.055298121859630456,-0.805116042736318,0.6716497208193128,0,False,True
0.7137458838690016,0.8947745192493528,0.9452372177559498,1,True,True
0.32948666780861213,0.7140696432098645,0.6463496747424227,1,True,True
-0.33324811544935096,-0.9479262724227282,-0.9337927622350934,0,False,True
0.036290998512626516,-0.7642126359513481,0.13899413717441633,1,True,True
-0.2106228331096549,0.6587527611269199,-0.7049698640505968,0,False,True
-0.9379008032872773,-0.7230514189307597,0.16010806722096826,0,False,True
0.15367968626624173,0.1389422715183084,-0.8330187905600135,0,True,False
0.7005034906977217,-0.04444917164542739,-0.08942544886635106,0,True,False
0.9029777303472901,-0.3866270429468608,0.7183142173918313,1,True,True
0.3659575942165334,-0.8867858425980168,-0.34884713604192275,1,True,True
-0.8476749036079441,0.8736704167623677,-0.324810006619376,0,False,True
-0.17984411445502602,0.8080072044329938,0.8362730391984459,0,False,True
-0.9161972024565266,0.4444708346724999,0.2744063201215694,0,False,True
-0.6516263368492416,0.30815635791304397,-0.6680986871619383,0,False,True
0.13080401112950701,-0.21558012670361304,0.7482463310001799,0,True,False
-0.6542176588002793,0.9473495895401076,-0.8088662661210078,0,False,True
0.13322095588889238,0.4220152105713879,0.18024534399615688,1,True,True
0.028008505899082214,-0.013903259748081709,0.265499392213312,0,True,False
0.7377417750947537,-0.3471170310860341,-0.3346902973219352,1,True,True
0.4406944958619057,-0.7682938820385481,-0.6776397445936306,1,True,True
0.8071826941405966,0.9441213964630308,0.2815491264424943,1,True,True
-0.4447700035332558,-0.45114344836281983,-0.22452008836227288,0,False,True
-0.4866691356370241,-0.6251006163187633,0.6330557127090206,0,False,True
0.3994065257228214,-0.5702097350450055,-0.5413605752432749,1,True,True
0.8031377924978789,0.5217079775420843,0.3302328387390523,1,True,True
0.9673846502431562,0.8897786320261833,0.15121489611364258,1,True,True
0.28182562485248996,0.003101109391391299,-0.8412559954557095,0,True,False
-0.3399852229295781,0.32416719300320596,-0.9153559690038475,0,False,True
0.2133504324583202,-0.3051915511249399,0.7140449941259868,1,True,True
0.6443195771517811,-0.7428600085155257,-0.7049157259646173,1,True,True
0.2559301309223232,0.36259253904823563,-0.79384458799029,1,True,True
-0.7641538849985794,-0.2174333674995801,-0.7873024953963945,0,False,False
-0.42824465329768735,-0.9475910522243025,-0.4134968862313193,0,False,True
0.9734944306757292,0.0011993926922881926,0.060233650177289544,0,True,False
-0.13639830301815126,0.05625421814227338,0.732651041619466,0,False,False
0.14846882756612878,-0.553463916522267,0.7375674929525367,1,True,True
0.05448415334846035,-0.9966206360862939,-0.2869933960203648,1,True,True
-0.6046939012449746,-0.10687303583429819,-0.8037450774800283,0,False,False
-0.6685831355503318,0.010651626663856772,-0.12354542761115961,0,False,False
0.00198091584439708,-0.8379623072134921,0.8949724659809204,1,True,True
0.9804081201706285,0.6454798119250407,-0.9168099604397166,1,True,True
-0.2120163773827064,-0.5196101389385643,-0.3783048858638183,0,False,True
0.4280265305532298,-0.9806194466690856,0.5645738241267371,1,True,True
-0.6481914611534545,-0.5499165308626122,0.5910202963574418,0,False,True
-0.8586076424991147,-0.8316197259569367,0.7051612982194204,0,False,True
-0.6847538273750053,0.6519291978521524,0.08778212408102282,0,False,True
-0.6768839729823282,0.42953443721980844,0.18125714075244903,0,False,True
-0.4327258354757215,-0.5108877244093786,-0.7217840549532044,0,False,True
0.07341205112813198,-0.8723263213902253,-0.9305526752027775,1,True,True
0.546477429786421,-0.14649160961582353,-0.6894808478618006,0,True,False
0.7606871625544087,0.4120830394414221,0.5138389472659166,1,True,True
0.2747828939148105,0.43630715701516287,-0.26243514730762696,1,True,True
0.7052044805091062,-0.6131313300072512,-0.43437527324276415,1,True,True
0.19591074304885403,0.48009620206485715,-0.5164025585672645,1,True,True
0.38769332060412576,0.9134597476410202,0.7427038355397624,1,True,True
0.07435334629320245,0.03178795426810943,-0.2658112295128541,0,True,False
0.778460166931392,-0.1399095422607397,0.776071558330315,0,True,False
-0.8954671474863607,-0.953926489853482,0.8997573185233776,0,False,True
0.5663674015859357,0.014651929957586463,0.7455178049661471,0,True,False
-0.7096534617966153,0.3731244554779658,-0.25590925575763923,0,False,True
-0.8826031480241057,-0.7236494760814265,0.2917136476506821,0,False,True
-0.8820108382889233,0.3448457244945109,-0.1346189188325735,0,False,True
-0.8960575402639492,-0.921377077448039,0.46120083931558886,0,False,True
0.031972176883171555,-0.1364469574555418,0.39788951958466434,0,True,False
-0.19000755980137307,0.7085516932018479,-0.13946321046990784,0,False,True
0.9992991875403874,-0.1553430328551122,-0.19225642363869677,0,True,False
-0.7828599788947115,-0.8231017786661448,0.20221211470343414,0,False,True
-0.34523139501043776,-0.8866099847279856,0.297771011153803,0,False,True
0.9956598641162049,-0.7934543088837214,-0.7718409652654681,1,True,True
-0.19777121652390117,-0.029368605226869127,0.4107021859386979,0,False,False
0.7666715329462521,0.349314343777829,-0.2805418612859454,1,True,True
0.13827716105486765,-0.818210312631696,-0.1541472301051836,1,True,True
0.9064817792888331,0.6644246128975171,-0.37291566818245636,1,True,True
0.7707744883104732,0.5529270618301947,0.13661210027834936,1,True,True
0.5585711831638895,-0.8776732833396681,-0.9328699611800526,1,True,True
-0.9363838739276551,-0.35516427654533533,0.9536801392144965,0,False,True
0.9252370595669526,-0.24572060309418653,0.9411784225395556,0,True,False
0.03927088846280502,0.004530011820988111,-0.43545470142646825,0,True,False
-0.584417977092011,-0.10006928963145345,0.3156415032287936,0,False,False
0.7501956134773013,-0.06527598909229693,0.554171984481469,0,True,False
-0.5516970419948084,-0.7905711796021511,0.8909900147203771,0,False,True
-0.7226813469261808,-0.25249837964006994,0.33621605728091075,0,False,True
0.45047857501240407,-0.9564554760834794,-0.09895962813617776,1,True,True
0.9475778190149944,-0.10332446369770487,0.6805059714315429,0,True,False
0.07096375319069526,0.7862296163763218,0.6450411234221296,1,True,True
-0.11040400399901884,0.5517624477119158,0.8603650490210784,0,False,True
-0.9557776439629799,-0.5016773692074104,0.40411564905127384,0,False,True
0.21197668063098907,0.463089022793427,0.6012508973219477,1,True,True
0.9295930479133603,-0.36972404949505355,0.917890162959496,1,True,True
0.9351829619338703,-0.007739078555813128,-0.22823225637206912,0,True,False
0.8600576185210798,-0.8991482995749209,0.4650202055725037,1,True,True
-0.6306403360079353,0.165039994198243,-0.7429506102099546,0,False,False
0.24592431672288173,-0.43481196244241205,-0.5893317266100726,1,True,True
-0.17407466047373577,-0.41332805412332596,0.7663644656819883,0,False,True
-0.27387759558903224,-0.7478918278289681,0.39164712220347986,0,False,True
-0.9267941173103169,0.7863618399661534,0.4218061445423693,0,False,True
0.7362974191437557,-0.09745383886992331,-0.26041772291008747,0,True,False
0.34565642525629836,0.3017428415671439,0.15654838959203277,1,True,True
-0.8250567718765527,0.6186103333402166,-0.8323821500612019,0,False,True
0.7739318784727891,-0.434074272980848,0.18836521511468884,1,True,True
0.5649291015307933,-0.453236419291831,-0.6460534648106007,1,True,True
-0.36539117747407945,-0.22852562271351728,-0.1582655437045397,0,False,False
0.6366275747740138,-0.15678375311533532,-0.5202518677060783,0,True,False
0.01511013648469639,0.8643308654497892,-0.7449432774897524,1,True,True
-0.9576133964638638,0.7352656413853265,0.7912039735412413,0,False,True
-0.1329564835424366,-0.1096511454389042,0.8201529473020548,0,False,False
-0.10737388809241177,-0.9416211610207899,0.25775844047138974,0,False,True
-0.5223600211855404,-0.7856035149589033,-0.6848785373149913,0,False,True
0.6604914636821508,-0.6074817076318622,0.46117908745047953,1,True,True
0.48952835322610655,-0.523527312895989,0.9781928465838634,1,True,True
0.17295800192033117,0.6490208914424358,0.5594955187143427,1,True,True
-0.01426429486903591,0.7929711731635982,0.9590694277164293,0,False,True
-0.025288240317614008,-0.9442255849262762,0.6098965565418268,0,False,True
-0.46651860815415924,0.14660265479152867,-0.16053490448796515,0,False,False
0.21002220287943385,0.6112862215781121,-0.06989181315216264,1,True,True
0.507087441980574,-0.15897513406602037,0.5127900599279942,0,True,False
-0.45883154409353266,0.05053367306257295,0.620300338549318,0,False,False
0.04460656626495196,-0.4277148139349283,-0.7173139016569667,1,True,True
-0.8033429395728777,0.3172924652336173,-0.8376769049480304,0,False,True
0.4272733499389574,-0.819399181702505,-0.28489829408151834,1,True,True
0.7680811880319642,0.6445306179502872,0.9375840103282067,1,True,True
0.13410884245600663,0.6148285765399342,0.3834560131885947,1,True,True
0.988963157794464,-0.6167666515648749,-0.9547350480953289,1,True,True
-0.6425204594748837,0.27660604059839433,-0.574356217893637,0,False,True
-0.9755998274111439,0.6649292313360922,0.4524934080085572,0,False,True
-0.08600303888583838,-0.060345815507512945,0.3464363227698466,0,False,False
0.8635038837099016,0.16070606653138308,-0.9232072643779763,0,True,False
0.6920493764357494,-0.7821944401867647,-0.28262541061843494,1,True,True
-0.05334024785947977,-0.07516102007512471,0.5022825093984495,0,False,False
0.8051100520954704,0.7727036657800863,0.7313432922648251,1,True,True
-0.5480089473252705,-0.07003445012046638,0.9084330058925136,0,False,False
-0.3916925226868273,-0.06756945704152284,0.7591295163416725,0,False,False
0.42998776302704633,-0.6079906626229052,0.7319249884263097,1,True,True
0.448182966875754,-0.9225422227110507,0.4241142435935674,1,True,True
-0.9626471211526371,0.2317235122767647,0.3275420684355266,0,False,False
-0.428373793282238,0.12926256095826916,-0.2304100965664322,0,False,False
0.16097267049077768,-0.783538362823726,-0.6413917347785478,1,True,True
0.8615732641803395,0.48326637587851984,0.4890641185845519,1,True,True
-0.32200619664247365,-0.633035947729218,0.534047904500379,0,False,True
-0.7598337538606679,-0.3027178160877704,-0.6869050940999981,0,False,True
0.032545417051504266,-0.039037013472995596,-0.9953961100050146,0,True,False
0.39841412662266795,0.28785286446251557,0.043375423517058254,1,True,True
-0.4027186458470502,0.24325285090631676,0.5171422521813394,0,False,False
0.7232192305583556,0.5223860183432518,-0.1176621891948284,1,True,True
0.8116143907857478,-0.4266978892208111,0.7771165146283958,1,True,True
0.5371665036955691,-0.015229589429228474,0.05863063916120814,0,True,False
-0.4775367185249888,0.36382037702496683,0.7699830743031735,0,False,True
0.8769111923932977,0.019939712480373295,-0.09464676544890249,0,True,False
0.8772849110266934,0.5364227288297523,0.36782571152926336,1,True,True
0.4900890942157552,-0.4001271169846532,-0.877600754327396,1,True,True
0.8214700856946207,0.09376150502631897,0.4810744927098618,0,True,False
-0.5255505824109294,-0.5107101370498455,0.34519349128335586,0,False,True
-0.010065295759212445,-0.11280541736618233,-0.9792083995639973,0,False,False
0.6197566776198695,0.6200289257173772,0.3464438011577531,1,True,True
0.9091315676509939,-0.7922661751243802,0.579849592178344,1,True,True
0.2749665090479392,-0.540030522259562,0.6615492379319032,1,True,True
0.8216995054513048,0.5835288154786025,0.9887640673060254,1,True,True
0.38427350239153557,0.13308265704975608,0.13411096823303192,0,True,False
-0.91411402130183,0.6548344756887947,0.7231232137009811,0,False,True
0.667173801375982,0.9498674895134984,-0.8176576159011584,1,True,True
-0.26010296804725264,0.9304489498836797,-0.6621736443118895,0,False,True
0.8731140018026635,0.8994052004650621,-0.3387854045471006,1,True,True
-0.03389424964695387,0.10357383281703303,0.909457105478741,0,False,False
-0.7493367856631574,-0.8149277431935813,-0.792603392686229,0,False,True
0.9289083675195595,0.4808615459171999,-0.0055337569228028904,1,True,True
-0.9659483380479796,0.1285948896343554,0.9781752412541438,0,False,False
0.3531415301531404,0.4917154570430704,0.2310673815494091,1,True,True
-0.719120067578336,-0.0892202273077165,0.11388345317975213,0,False,False
-0.6893742934335596,-0.6886740001988958,-0.525138396460509,0,False,True
0.2991154941097587,0.9919056819763161,-0.06324820213890292,1,True,True
0.963308432276963,0.779382172550052,-0.06230445319744127,1,True,True
0.389614830763217,0.6074987983477291,0.12625534751311274,1,True,True
0.5239477860723063,-0.17704857784754324,-0.17667998975392307,0,True,False
-0.14958163439426797,-0.5736862882626088,-0.6449261111251694,0,False,True
-0.7222131120663782,-0.41112043153208444,-0.6953426157817661,0,False,True
-0.567627393679839,0.2458626793205303,0.4992691420222375,0,False,False
0.5294005447985894,-0.503565897484028,-0.022288906999724523,1,True,True
-0.8907882616908189,0.5993618839974622,0.4585542208633504,0,False,True
-0.019754021731764437,-0.9622355364276107,-0.15006322804151728,0,False,True
-0.6386196365896721,-0.03929721958537513,0.4512524713374999,0,False,False
0.26184969290578364,0.46803058179358104,0.17601500806590087,1,True,True
0.10248406671328092,0.3671357891980924,-0.7258578914318421,1,True,True
0.13416242896756003,-0.15743406293686002,0.1294935751612576,0,True,False
0.6366899506725656,0.3864066745735908,-0.41105083055752356,1,True,True
0.8779746076129837,-0.26560460311815093,0.2679898405688308,1,True,True
-0.6141971702713036,-0.5351171857223682,0.28647021044706134,0,False,True
0.42568804858491016,0.5701011291163696,0.10500383025714521,1,True,True
0.3958796084811249,0.4534103163659702,-0.21995768970371143,1,True,True
-0.4834070025924704,0.4129145203513269,-0.4657559056411342,0,False,True
0.8316156391346066,-0.9365169792950401,0.6043328380142057,1,True,True
0.0647163731543301,-0.5211225209321011,0.799271787083683,1,True,True
0.1159288388166928,-0.25788485558057506,-0.7968242887230625,1,True,True
-0.3544554636697017,0.1637574668382007,-0.09243990234381205,0,False,False
-0.3227384348028852,-0.8240226189135986,-0.21195417925478566,0,False,True
-0.33539689191676114,-0.5357420818951535,0.34328682831963997,0,False,True
0.9576364111854925,0.6250319647529916,0.10758711723404835,1,True,True
-0.593569608916034,0.5054807462795643,0.6858174339042526,0,False,True
0.3340521201294966,0.6095537991618472,-0.9880705979815161,1,True,True
0.149568533883792,-0.41111322252213034,0.291815701615745,1,True,True
-0.8960494268609007,0.5612379996726431,-0.7702868161565264,0,False,True
0.0856762051803277,-0.5504273933812978,0.5127505016497182,1,True,True
-0.584101770122738,-0.4203016961308639,-0.5439174325196685,0,False,True
-0.8178196405702309,0.6979637527886402,-0.5629242764471876,0,False,True
0.739711424017863,0.4883310226558111,-0.17731912608347078,1,True,True
-0.9452604410062719,-0.3354936441639249,-0.8630097379044359,0,False,True
0.937249044392491,0.13466875714043458,-0.06249552457587093,0,True,False
-0.3450002208504197,0.39929692723241805,-0.29112329454762653,0,False,True
-0.17944408426483238,-0.8161290511874124,-0.8345956359509572,0,False,True
-0.7289115699077755,-0.8923955484481005,-0.7283428838548482,0,False,True
-0.745867378510092,0.7255923361153094,0.8254133816453384,0,False,True
-0.1720320404717255,0.2599407665179567,0.7438554517095359,0,False,True
0.23488747207838712,0.7393063034365894,0.56732851783622,1,True,True
-0.7354661942652945,-0.8246182502832526,0.4296727377787577,0,False,True
0.9489624357165576,0.7318076487469314,0.3406787952454047,1,True,True
-0.6387297951109416,-0.9175048791018472,0.26838287696638874,0,False,True
0.520699822392632,0.9163481814690446,-0.21865243301783166,1,True,True
-0.0356763695911646,-0.5452638455956302,0.5333074393673427,0,False,True
0.5361577362885228,0.5037242038321583,-0.5565807089257766,1,True,True
-0.39420311434046584,-0.19850266095617997,0.4135148652379228,0,False,False
-0.9696498184490929,-0.193849151166543,-0.3908912805285314,0,False,False
-0.07326262706609143,-0.493426062523475,0.5674444049286005,0,False,True
0.40667415783803373,0.013676899415776989,0.21199571111375248,0,True,False
-0.8679182141806898,-0.6308796834950086,0.7434965269668208,0,False,True
0.338022835313609,-0.8858319474225096,-0.8281244029020409,1,True,True
-0.30904188831567936,-0.26614692418943564,0.09130372467095382,0,False,True
0.18344294520618942,0.4396745733019385,0.8310903985596245,1,True,True
-0.541893084385785,-0.05165092871644372,0.22532298010520346,0,False,False
-0.4648632750444941,0.8452405551928981,0.11866347609239192,0,False,True
0.8656539712793985,-0.6597553976367971,-0.34219027452125594,1,True,True
0.6522901175677134,0.4367635592483574,0.665208964433132,1,True,True
-0.7091136143329688,0.7395952780879549,-0.5096669412941195,0,False,True
0.29400721978666966,-0.7413804884455508,-0.42395522655433515,1,True,True
0.7679023306663351,0.9481116221686083,0.20521635391749737,1,True,True
0.4827210683114922,0.5084312427828739,-0.22139968236796093,1,True,True
0.031421598689034935,0.8333549115250238,-0.17537845153660547,1,True,True
-0.7294963128703456,-0.9245943177038254,0.06570581987676638,0,False,True
-0.9202326947893016,-0.4283023059000066,0.7518540137923926,0,False,True
0.6686436641779372,0.6458157559306934,0.5286271452711147,1,True,True
-0.7658842614104502,-0.45053274016775546,0.703435939104742,0,False,True
0.046204627220107986,-0.8965521039052764,0.6799373758933123,1,True,True
0.7461169365131011,-0.7041134374858375,0.09418109308495026,1,True,True
-0.9225843260673452,-0.9670146615976252,0.08948338281519375,0,False,True
0.3847815735874067,0.5648332456667928,-0.9823694485655361,1,True,True
-0.04746304373468724,-0.30175678502402836,0.2394062785410258,0,False,True
-0.6614710230832257,0.4993556912031416,0.8247400165080765,0,False,True
-0.8736562154960326,-0.8900932155656194,-0.5748079834994553,0,False,True
-0.9355518160964513,-0.8436035526797276,-0.3556980061069943,0,False,True
-0.5151382872399308,0.5786810498610835,-0.4767078059102341,0,False,True
-0.7745863506518693,-0.2591238943581746,0.786723763837536,0,False,True
-0.1900199652003174,-0.7780751153350833,0.6449016112028183,0,False,True
-0.9158540575145269,-0.18956795248827474,-0.47669867098580676,0,False,False
0.8531308988037283,0.30259756197836607,-0.586232178379168,1,True,True
0.8705258172075954,-0.12742358558429712,0.052739149939431185,0,True,False
0.6208537949792279,-0.5950496982080551,-0.9651419585643566,1,True,True
-0.6233138431339862,-0.11222083904445745,-0.16522848586702144,0,False,False
0.1746364467810233,0.4842961946996469,-0.8219540919453838,1,True,True
0.807021111323357,-0.8079698155028028,0.9745597763645122,1,True,True
0.9346845294727022,0.023442527754683695,0.8989771613899218,0,True,False
-0.864921570133371,0.6872328894403243,0.5043136849198246,0,False,True
-0.3648278565656293,0.9870873041410451,0.2805287363047968,0,False,True
0.393725942151659,0.2615123548559355,-0.5832444181724921,1,True,True
0.2805307510598656,-0.42905334041770415,-0.6642676570722827,1,True,True
0.26524662729801873,-0.747956484353625,-0.7125596600792068,1,True,True
0.6575012981586206,-0.97328859370773,-0.0943075443731618,1,True,True
0.4262208534631955,-0.32368875789461926,-0.9910578539983699,1,True,True
-0.3290395456694839,-0.03135965362850612,-0.37043753044534067,0,False,False
-0.6646106463182726,0.09238209341914438,0.22090937359459106,0,False,False
0.5293796326426374,-0.9279212518356392,0.9877867197128007,1,True,True
-0.2813698750377953,-0.8775510975516962,0.04316042590193092,0,False,True
-0.8239904367087529,-0.9536784945956831,-0.7946461991546809,0,False,True
0.45913519928328794,0.014778881366781516,-0.8952149205215767,0,True,False
0.7620998567613375,-0.4668179516570703,-0.3428313342689635,1,True,True
-0.9174722376188322,-0.10938847040759025,0.11952338289457409,0,False,False
-0.6502644770680412,0.947218517443702,0.6755083016046501,0,False,True
-0.15980517020003338,0.5955526288116801,-0.8877728690764954,0,False,True
-0.31878684139463154,-0.4317489680166773,0.7898401510777184,0,False,True
-0.9104621683897436,0.1115727820840513,0.7915990132104471,0,False,False
-0.7742173721828249,-0.6048240138538177,-0.09548305316730987,0,False,True
-0.12391702427004514,0.581201723292283,0.8098555880525271,0,False,True
-0.8578535919527757,-0.8247607094262435,-0.6936196042082841,0,False,True
0.6324902153144087,0.6758509267746944,0.47292244356956403,1,True,True
0.7322312965853692,-0.5174748920371883,-0.050591865187927576,1,True,True
-0.7377603161622364,-0.13147537144040533,0.9482136511329444,0,False,False
-0.6135611006523491,-0.1442768455356953,0.051364319661787006,0,False,False
-0.12501449645233986,-0.7957656408574896,0.7162225896753158,0,False,True
0.9418506493539684,0.8176274683302016,0.6376609171275551,1,True,True
0.5477219285552488,-0.7019773750997822,0.6771136540161884,1,True,True
-0.736447056581155,0.8151360456607473,-0.6232334046033079,0,False,True
0.8543597273626451,-0.9790928388817144,0.8497378902894528,1,True,True
0.6555931594914177,-0.6529312299149372,0.41263831582270827,1,True,True
-0.21453666927934734,0.6782773090465279,-0.8824237584874668,0,False,True
-0.7188587077499675,-0.3794907263428384,0.7672623857275194,0,False,True
-0.8957273216142956,0.6979713511352181,-0.32454166237081195,0,False,True
-0.8145413691623893,0.8226878990592377,0.9916022547375549,0,False,True
0.7739792607270293,0.7998022328836805,-0.07585163501323855,1,True,True
-0.6636980655679385,0.7344572570638166,0.6218373895740748,0,False,True
-0.2742267761692043,0.6755243786449061,0.4068453882391805,0,False,True
0.3085637715118159,-0.4927143070783615,0.9213590939300615,1,True,True
0.2096439067199911,0.6860162568546084,0.4298617263778315,1,True,True
-0.21001425550786568,0.23525618213984512,-0.009572241935659864,0,False,False
-0.25078919961669,0.9683539277458006,0.9494892194570332,0,False,True
-0.8738544564630559,0.22108029363226356,0.453893998536939,0,False,False
-0.14208194433567622,0.3033967318339492,-0.006209087628943566,0,False,True
0.4394418521078336,0.30893032378091934,-0.3387589119253922,1,True,True
0.5360617800759568,0.10465462038818973,-0.26154362036856216,0,True,False
-0.6112637086371018,-0.628539797195034,-0.8462710805900524,0,False,True
0.7257415381841983,0.9619527417013731,0.5353156522149931,1,True,True
-0.9425560934405723,-0.8081267307299886,0.8545621198302198,0,False,True
0.8042576333249432,0.49652576138028226,-0.15467029043807434,1,True,True
-0.5269082401532734,0.04923682043726485,0.04178624306110823,0,False,False
-0.7428314785380734,-0.4184805501533133,-0.9820917863045977,0,False,True
-0.36424842394127954,-0.5436184949156309,-0.13934521051986626,0,False,True
0.6975225910327618,0.007478321828060075,-0.6938768687284174,0,True,False
0.6645954934224534,0.8639143237664706,-0.037221690891925396,1,True,True
-0.30869729503612064,0.14825955549730208,0.004448273186392182,0,False,False
-0.520057623325159,0.9794892316580195,-0.017715568076780208,0,False,True
0.07157510697506053,-0.1404539499599844,0.5860322710808652,0,True,False
-0.4570661283577746,-0.16728850357553826,-0.9009977529797095,0,False,False
-0.9311382511112467,0.2557546065495879,0.4326813523999655,0,False,True
0.2541711804429665,0.8147366574116204,0.10253159770317266,1,True,True
0.04040092189137279,-0.8611545223607404,-0.311064799617113,1,True,True
-0.9160883717991535,0.10080628604275765,0.8828288072485153,0,False,False
0.5149455379182974,-0.6907883297307376,0.5066260432542102,1,True,True
0.9766995259110038,0.4371216006756746,0.6024152680028942,1,True,True
0.6028019164456295,-0.7291861960465813,0.2540622289795509,1,True,True
-0.3120378273480182,-0.9909070671975335,0.09656962181083295,0,False,True
-0.32921751498277985,0.07503235211803783,0.4352164446962592,0,False,False
-0.29685719400447175,-0.9668143962314437,0.057692423348139954,0,False,True
-0.11410864130415055,0.07102907100578748,0.03862283074775652,0,False,False
0.1589868704391757,-0.9086158634496198,-0.522058101285531,1,True,True
0.2351218184716899,-0.6920412683849555,0.4590897815857713,1,True,True
-0.6457650240656794,0.68602089444857,0.9921504528240415,0,False,True
0.7299635770943407,0.5958588280962491,0.34374815922345103,1,True,True
0.4205413812286578,-0.39281137223357576,0.1426778133936346,1,True,True
-0.6587366231297427,-0.20301322550448697,-0.28580127894136975,0,False,False
0.7101653185670391,-0.10141179141062406,-0.8714530575368868,0,True,False
-0.9602867561216015,-0.9589296461374706,0.41563927873211015,0,False,True
0.2833674639777284,0.23510823012463322,-0.5304144637532473,0,True,False
-0.6753312946607994,0.6091097427895185,0.5705485323646025,0,False,True
-0.48489901903712096,-0.5316559771080047,-0.2800905568567371,0,False,True
-0.3147870799605812,-0.199743220228354,-0.8573560346409259,0,False,False
-0.9877117160140751,-0.013371677999618692,0.5704099524372148,0,False,False
-0.12289787886051395,0.003762237816503866,-0.2229957622750589,0,False,False
0.5940882219258596,-0.3330235816367566,-0.28646506478445155,1,True,True
0.35132987737197263,-0.7891594417415699,0.03218653795154891,1,True,True
0.09004617628382094,0.28161567527113895,0.6651361328590724,1,True,True
0.12845398439283073,-0.6970617522002316,-0.3967100972547908,1,True,True
-0.9720317014541049,-0.6096466821941016,0.08273163855911814,0,False,True
0.21795427879648455,-0.8852170905225425,-0.353946699252903,1,True,True
0.977132760790528,0.8294890945409936,-0.7503536928896866,1,True,True
-0.5517859526437803,0.6613401824277649,-0.6612322048427612,0,False,True
0.17443543640903703,-0.6819914444211086,-0.8388117477161412,1,True,True
0.6701158990343501,0.7354133509802219,-0.07396696763027077,1,True,True
0.584995151442286,0.014596408285725726,0.7172668481953779,0,True,False
-0.34154400904641746,-0.7433972585803272,-0.7912895613363025,0,False,True
-0.28559488045619386,-0.7737644992008386,0.705975132486234,0,False,True
0.9202259252664138,-0.5544044389864626,0.1942460844667011,1,True,True
-0.5524088147233852,0.7796739500542564,0.8311677176028227,0,False,True
-0.5769265781784456,-0.09815582700179681,-0.6445674510707466,0,False,False
-0.6921696696890458,0.39441934222391817,0.9642051865954073,0,False,True
-0.008208309640174827,-0.2194196926768861,0.30876792216836435,0,False,False
-0.4774104396520944,0.24524752075777134,-0.7159645632249241,0,False,False
0.11137288611921403,0.43289622236159664,-0.8265901828051323,1,True,True
-0.8541679918730956,0.0017184784469339576,-0.19086941606601626,0,False,False
-0.24296632271958774,0.5201624484941998,-0.14682397661472102,0,False,True
-0.07782194755604244,0.6652075063317782,0.655494122708316,0,False,True
0.5570808918106516,0.11988723282818459,0.3011546910717935,0,True,False
0.4408854351909839,0.0877051222158205,-0.9622345299699706,0,True,False
-0.5375910378988389,0.1759439916075205,0.8093642499991538,0,False,False
-0.9509112154591586,-0.9496914872790572,0.06090017658986979,0,False,True
-0.4852701181713397,0.9782037163586721,-0.8401594799046592,0,False,True
-0.1797679402363852,-0.8584515516478091,0.24934092369534588,0,False,True
-0.9832020087133453,0.6352303389871878,-0.0680546057605349,0,False,True
-0.056902106642827244,-0.7259284784010489,-0.366040928768143,0,False,True
0.7048442217114559,-0.6939607099810854,-0.4467290845072709,1,True,True
0.8463593966975385,-0.28151660496929765,0.8964908592054368,1,True,True
-0.537127732172298,-0.49307510844460234,0.4335608945664424,0,False,True
0.9819098289546575,-0.562471221102631,-0.4834703407380039,1,True,True
-0.9880042071086206,0.12676693913772263,-0.3021786829838822,0,False,False
-0.32949895526086737,-0.03987520726564209,-0.058463137297974255,0,False,False
0.5785162258859469,-0.8139062625520257,-0.923665335655897,1,True,True
-0.8029769695888547,0.027813117658902042,-0.40188681767827616,0,False,False
-0.11533550144127558,-0.6051644191736325,-0.2564688796483938,0,False,True
-0.23866135103762498,-0.03945931885968723,0.24333939248702263,0,False,False
0.6651969382115879,-0.44595949117526223,-0.946054453127577,1,True,True
0.4239243706907272,-0.9790325118528975,0.8390968150371878,1,True,True
-0.28999834856300977,0.7755624033290216,-0.5222680516074174,0,False,True
-0.9507273310068334,-0.2522030649852376,-0.7251797585367774,0,False,True
0.38702503785496534,-0.1675660075899319,0.8748437171114622,0,True,False
-0.15757611724450116,0.755165000207858,0.5124383705959612,0,False,True
0.7166988863970556,0.5215418503748133,0.9057763559655188,1,True,True
0.15014710757959615,0.09622476198034602,0.7193181982183796,0,True,False
0.8801247243216561,0.8046819275106121,0.7274453562951797,1,True,True
0.7605110388681544,0.8414026512637556,-0.18900556985753303,1,True,True
-0.08370993889476375,-0.06911839383292784,0.3930151752123443,0,False,False
-0.9653798649357619,0.13129354304643726,-0.7530122378768436,0,False,False
-0.8626907172379057,-0.9428839289118418,0.9652394348886546,0,False,True
-0.35878396772399834,-0.7193387627508283,-0.41318162282177107,0,False,True
0.18460377375092407,-0.200003616496651,-0.8872723559421392,0,True,False
0.2201048766354663,0.6541954492810502,0.869081554887408,1,True,True
0.024855006725428508,-0.08921726000874397,0.2975590905843979,0,True,False
-0.7104870833195915,0.38716641194343526,-0.3088350102268467,0,False,True
0.7536173864059885,0.2759606912488217,0.08662071411754813,1,True,True
0.47647035834613316,0.31176605448354255,0.7549826913272659,1,True,True
-0.25335923221429413,0.5386379894439577,0.7411899246995095,0,False,True
0.6573727662519795,-0.9995455001716564,0.9531781668681722,1,True,True
-0.8195209250168061,-0.39860911031997137,0.9627298363995165,0,False,True
-0.8719935625553692,0.3909429768046053,-0.1282070894542151,0,False,True
0.011793896934597425,-0.8182251564538157,-0.8313995283739122,1,True,True
0.8668534228695841,0.04729504803890028,-0.24575287912116228,0,True,False
-0.7020761640866631,0.7891900572613222,0.8905955457920396,0,False,True
0.13895758641314115,0.9274117345010509,0.04168924622993897,1,True,True
-0.8805026900491031,0.4113763749344759,0.5713808759802435,0,False,True
-0.6614441462720495,0.5280577740003303,0.7231332009787168,0,False,True
-0.8619432798417683,-0.3107842830463361,-0.14124924349884127,0,False,True
0.812044902177762,-0.49629934353923955,0.37088064020925904,1,True,True
-0.10517987949867469,0.3344182307557355,-0.47047173084648586,0,False,True
-0.7872295988583169,-0.7013899698304173,-0.6099924227134148,0,False,True
0.3305195570535253,-0.05816661544454549,0.6410349722549924,0,True,False
0.004546754288793808,-0.955416124848298,0.040568358816945205,1,True,True
-0.18158723589364256,0.519422111859599,-0.2130100599955871,0,False,True
0.45598694067624623,-0.5886858401868151,-0.9178351174600112,1,True,True
-0.6558191814232601,0.6811809482519717,-0.7581104976589561,0,False,True
-0.2310782167962353,0.5497086647114586,0.3949969779456102,0,False,True
-0.4659977249649361,-0.6476719096664811,-0.34724550844214797,0,False,True
-0.3835582528591057,0.769117581188256,-0.38822515816069547,0,False,True
-0.6453943940837341,-0.813872091940385,0.7492487242482586,0,False,True
-0.03488304455474123,-0.5956231091399862,0.729423162502514,0,False,True
0.25943439173863103,-0.25518903428507644,0.46953140093125345,1,True,True
-0.880893352351132,-0.6526885784537331,-0.44572819284366805,0,False,True
-0.6062254631219632,-0.30953251455040065,-0.28492307491332824,0,False,True
-0.44158312953638545,0.1354769623279286,-0.4452970329339945,0,False,False
0.41564121622317485,-0.686096012144588,0.2819871692780449,1,True,True
-0.3451418295682367,0.5514808613503008,-0.7563695843768126,0,False,True
-0.14941191219181227,-0.9326768445362985,-0.25564042198046866,0,False,True
0.40953500136403065,-0.978082971945355,-0.09893621280003106,1,True,True
-0.681845659472825,-0.3597532889934656,-0.2188784189582571,0,False,True
-0.12119222222936155,0.053454209304230726,0.6313671107627323,0,False,False
0.25865997190101875,0.25945313033069906,0.9472883189535166,1,True,True
0.8501161992877881,0.7630276662355535,0.8412281646838298,1,True,True
-0.2860240733163677,0.2822783457426079,-0.8020409717211618,0,False,True
0.6382668934875566,-0.9546241689701032,-0.7630929656514023,1,True,True
0.2802855793139163,0.3903805956963027,0.9609185639598803,1,True,True
0.4301049861524462,0.7693035961375505,-0.7111632747942815,1,True,True
0.476845033651633,0.5027882099101739,0.8064261627257059,1,True,True
0.9419992251559439,-0.4738440577821983,0.49183002029863365,1,True,True
-0.5079015248709207,0.015148980392850397,-0.3030819320371527,0,False,False
-0.9148368393088191,-0.7516179724292098,-0.9813127901209207,0,False,True
-0.5044054529883206,0.21745138513931916,0.3224941850578966,0,False,False
-0.909966726514851,0.3866256074410639,0.5522755528718808,0,False,True
0.41092325373304583,-0.8444275365053455,0.8532351663334083,1,True,True
0.6694135411177649,-0.19183700512431523,-0.7811675649336949,0,True,False
0.8682717100488841,0.026973778817626304,-0.8602275664757866,0,True,False
-0.05841328820788605,0.614132580819835,0.7756867271661199,0,False,True
0.024719034272454365,-0.8020673789563415,0.41180337187896265,1,True,True
-0.4740390464514672,-0.05493654371489742,-0.5683566978719179,0,False,False
-0.8022065817162856,0.13468369610184672,0.44502834282699366,0,False,False
0.5976927135686472,0.07196738670485248,0.9580940678438179,0,True,False
-0.7143944472684476,-0.6314742256073282,-0.8794119925874442,0,False,True
0.611331571169105,0.17356612825527074,0.4298356324025536,0,True,False
0.7590522018659067,0.5718220715002802,-0.6420606666598039,1,True,True
-0.00015967160814178705,0.9961374316938647,0.7240205419239463,0,False,True
0.8285038817358616,-0.8945408032314812,0.2585554295263959,1,True,True
-0.17517481708576055,-0.9146422918442005,-0.36989307767044033,0,False,True
-0.5992528254291993,0.057868992680846,-0.532135807729895,0,False,False
0.28714221715267096,0.20675892449142674,0.3659036954043211,0,True,False
-0.20026971378929503,-0.8354931658114331,0.2687420839032819,0,False,True
0.22846299587867214,0.419631344654791,0.1879798815060667,1,True,True
-0.12537720659793639,-0.7677232134696859,0.3065559771332136,0,False,True
0.18620749331163045,-0.6053950397742698,-0.6816624042065396,1,True,True
0.9028800215210848,0.5585709133761265,0.7785824358867368,1,True,True
0.10624086783360887,-0.08824217204484497,-0.14038366271193148,0,True,False
0.8074707144482973,-0.3823007141731627,0.8473513272795432,1,True,True
-0.72299049025637,-0.2646484414027721,-0.08159137160831298,0,False,True
-0.9969124748576477,0.5266153419015387,0.2591770287237276,0,False,True
0.2256686910470742,-0.6391050292100493,-0.7563810329733793,1,True,True
0.08340586046664078,-0.7245142867210359,-0.5386040286778668,1,True,True
0.5612613170523424,0.001721751538393601,-0.9590170673971317,0,True,False
0.6429879074042721,-0.9701949303155752,-0.8341493969745071,1,True,True
0.9068195122765796,-0.305411416114413,-0.6758710169174438,1,True,True
0.21991218331441909,-0.3245255397219906,-0.3054409991954856,1,True,True
-0.41983635624706506,0.009262561508591283,-0.23299955288326957,0,False,False
0.6536159878355903,-0.015241749139444982,0.4332289786512029,0,True,False
-0.24796621254841922,-0.2994087648282482,-0.03849929025041887,0,False,True
0.21835405185758905,-0.5952200039105853,0.7455731739249001,1,True,True
0.2400431134418357,-0.6801117753088253,0.01608222982678531,1,True,True
-0.11700006017921316,0.12203304287568106,0.966069680631702,0,False,False
-0.6024562093745633,-0.10764877005725682,-0.14756942579778287,0,False,False
-0.1120927581729132,0.7105980521290243,0.044022859582241836,0,False,True
0.8495346886438624,0.8223612456956091,0.8934887246216496,1,True,True
0.3428687194128772,0.7531295860727616,0.029636196433107997,1,True,True
-0.8369538067422413,0.9308584513277249,-0.2495346222040813,0,False,True
0.14531849791782214,-0.5953773881069222,0.11433603462432096,1,True,True
-0.758675604487997,0.45275171781232837,-0.08946158582995123,0,False,True
0.9999274475572788,0.14263603244367884,0.8891928067501043,0,True,False
0.9947606945006218,0.16785465922143783,0.4941197139141842,0,True,False
0.3894242854738166,-0.08655620536868303,0.18551215766486795,0,True,False
-0.2522403118036456,0.16422168703450857,0.8691892385752455,0,False,False
-0.19697842206669125,-0.8645034316531979,0.7158924986952315,0,False,True
0.8501988260096942,-0.9880989547545633,0.24890463952553143,1,True,True
-0.5102823164545303,-0.06397650114989362,0.5343741840722358,0,False,False
0.32802536078763556,0.580455485193148,0.5968518179093409,1,True,True
-0.03755849785671739,0.8458977159324961,0.5928625356207067,0,False,True
-0.9301128821656255,0.4404828051138403,-0.8188207158393799,0,False,True
-0.778209076129248,-0.7481379322999235,-0.9486790300129564,0,False,True
0.7907387599342337,0.4381849329442864,-0.2918933225379494,1,True,True
0.7842022760344995,0.2309885388345827,-0.43439685090846925,0,True,False
0.8303219756182432,-0.2265631950303193,-0.8885668347159181,0,True,False
-0.385196658087255,0.5704280790902865,-0.8643512997263265,0,False,True
-0.4031607403259112,-0.7973118786948747,-0.7966404092721537,0,False,True
0.3185037178528096,-0.19412425744032435,0.23339279457383166,0,True,False
0.19027544521588058,0.4847933536665583,-0.5958691481068625,1,True,True
0.968738023303894,-0.9751323773760039,0.7596645976841101,1,True,True
0.23124451384667455,0.8563653400245042,0.9940167001018472,1,True,True
-0.6905673447553602,-0.07955302804560715,0.567437546409638,0,False,False
0.6629389304794302,-0.8607499630807358,0.45038868261614606,1,True,True
0.6313941416728286,0.8198617422920225,-0.4255736189904302,1,True,True
-0.8159162484322622,-0.7533910001587498,0.4342018498289941,0,False,True
0.7755798057734451,0.7895633261610648,0.30146663548428876,1,True,True
-0.9671218837685573,-0.5898799546233655,-0.7302720358129196,0,False,True
0.7278602269416119,0.8639775717773406,-0.8703780772852565,1,True,True
0.7975413809458498,-0.0041417223067197195,-0.38961705979117633,0,True,False
0.7007331340335248,-0.2799918867857971,0.38817961378591237,1,True,True
0.3057387257182964,-0.6782576142133669,0.17751429621752757,1,True,True
-0.34248951806992256,0.4527519422425996,0.4346139659934698,0,False,True
0.09075865799716354,0.6705497062096213,0.7478999210593771,1,True,True
-0.5241296636934243,-0.36224220845062627,0.6106500804659187,0,False,True
0.743569315886895,0.9561307294045287,-0.8022528284879566,1,True,True
-0.6465325154794606,-0.05457762818566758,-0.3861714962547327,0,False,False
-0.2587282656850938,0.13228879237432145,-0.3825246523260921,0,False,False
0.5191690575584382,-0.7066311815479034,0.2803812763061613,1,True,True
-0.3876321819813573,-0.8005111636594731,-0.33183340095516733,0,False,True
