v2,Clique_v2,ICI_v2,SHAP_v2,LIME_v2,z1
0.8379117220169177,0.23586726470370506,0.2,0.28592092895897936,0.18543938610795405,True
-0.817466558886214,1.0304402200556203e-41,0.2421022274509135,0.1176773577218826,0.168727258192854,False
-0.8578357500199381,0.0,0.36,0.12010072012031528,0.18280592049204397,False
-0.1725767277278898,0.0,0.5195898462247872,-0.16433111802389005,-0.23044433119945876,False
-0.5687176614273286,0.36363070250496327,0.19474347236781128,0.2846276792982354,0.22203885622149502,True
0.03939726309941727,0.6653007751942805,0.5599177270386132,-0.49864483580319446,-0.28443466278495616,True
0.1170280442571694,0.7471918703641024,0.4399753112497206,-0.4830898372461569,-0.14326469426540106,True
-0.05259967215393879,0.7575579569921633,0.3199148279777462,-0.49941615006097195,-0.2854464841048864,True
-0.5682557566814628,0.20995939144442605,0.19998331243975356,0.28341481713500427,0.21487808107975456,True
-0.521122229400776,0.27787658033768586,0.23956054514409417,0.2950843495154364,0.21307276179678034,True
-0.5665234945570174,0.2819744993040647,0.11972576875799107,0.2833871561392311,0.21780578351314886,True
0.31138075626803796,-0.12798514895551094,0.13900178418975423,0.2450280030756169,-0.13138322729145105,True
0.6927869008804513,0.0,0.12000010488262902,0.09747696742719356,0.17045106192395784,False
0.8609287866320023,0.0,0.23999997624925024,0.10742430880777008,0.16453146458064055,False
0.6006110342591222,5.970506738641173e-50,0.11967449874929173,0.08954205233309323,0.16596844947459147,False
0.36145169046051406,0.18538442063509844,0.03891097123507634,0.2600511499449056,-0.12012977463829405,True
-0.5854860836351574,0.2848960307619094,0.07702835808327123,0.28998498000724027,0.23952823210333044,True
0.483319449947474,0.25946194496381464,0.08000000000000554,0.2686532699905944,-0.13428885418396394,True
0.39380917139160543,0.23648729726140513,0.11999998160136605,0.26745853173914674,-0.11200694586271423,True
-0.23648105148321963,0.052130522926479156,0.2180473153388563,-0.4636200260747114,-0.28108451491276526,True
0.7002382492828483,0.28178795433579285,0.2674993352852647,0.25461943249054275,0.20328186028977363,True
0.05622236221925547,0.7728890051594163,0.35995164278953806,-0.49450328653742476,-0.11973679574262558,True
0.7860181379753559,0.0465115311161314,0.23999999999999988,0.04207861961193131,0.13896154788723017,False
0.6411187497905955,3.822994644796721e-40,0.12000212604541559,0.09191199235785177,0.1593680917903776,False
-0.5428427611994171,4.319789467936196e-09,0.19999938488243288,0.11301144797739833,0.18990618353366773,False
0.6412479385027359,0.255389502356043,0.1601007345139871,0.2755270977038159,0.1942410799568289,True
-0.7228771497267323,0.26746039117079706,0.11997765376585817,0.2962570359509824,0.20218358342014334,True
-0.035065009651623624,0.7358097514139308,0.2799205168241197,-0.49939906765377073,-0.2900751776495359,True
-0.7023788871548087,0.2228211224244,0.19998977249133376,0.30341023691785207,0.2100796210127881,True
-0.10341189013639007,0.0,0.39982629413266574,-0.16341992204955572,-0.22829424795419828,False
0.3319129448077516,0.0,0.2029759707471115,0.08413257907640759,-0.09514613711909693,False
0.5780648503656227,0.25617104808183505,0.32000000000000256,0.26314852518500625,0.2140003368975493,True
0.32404151618446897,0.22703420683473097,0.11993330175422315,0.26573648424947033,-0.130046011139234,True
0.42302485772010145,0.0,0.13082920622934566,0.08715406924279723,-0.08994266207976045,False
0.775847324262213,0.26126605699053884,0.15999996965210309,-0.05365737662751709,0.1455347496134033,False
-0.7166494175056726,0.5551719897619481,0.279377175958478,0.3113337560244309,0.20177809721126183,True
-0.7048597528972749,0.30421491280357854,0.15393142771493007,0.2789027436902555,0.19899740171518923,True
-0.34813831410013774,0.0,0.2386256043908934,0.10735381442236591,-0.23404493315985841,False
-0.9362523409026511,0.2562903534540877,0.279999985694886,0.30764674244082685,0.21908455154018303,True
0.37552578923266555,0.25156772565984004,0.16000699408571392,0.271540516105396,-0.1473554294680461,True
0.5294600904802838,0.2787817529846351,0.07999830247772721,0.26587007826389364,0.2096581639942277,True
-0.2999811626505162,-0.2572728600972528,0.11735779681221743,0.2004968844662302,-0.2816429770989432,True
0.23201522133621366,0.5998056473795618,0.1862234372393696,-0.36719441353690646,-0.11200110231832278,True
0.9169997176348854,0.0,0.08360719863860912,0.10949092224168552,0.17153483333467856,False
-0.41789476677327886,1.331359867347181e-68,0.11999213572407313,0.10616081170863043,-0.24548317348674917,False
0.37335692500816253,2.020753859799698e-64,0.12000502751559296,0.08909792825153456,-0.10963724710086248,False
-0.9155435394360838,-0.6906546294136426,0.2295739110321843,0.26052834788134394,0.20816092582869963,False
-0.8749927365595067,-0.0005503180432012025,-0.09984275354184205,0.32289288772775,0.16912324916564092,False
0.6287973914027287,0.26384679423757906,0.12000434168598106,0.27938106413455643,0.21335587216530963,True
-0.12676327514944785,1.970057490578807e-73,0.1599228120995152,-0.16232811780638284,-0.24193714317104686,False
-0.21586313590381145,0.552241175202131,0.3952841282239184,-0.47245169742917986,-0.2837592553174975,True
-0.3387046406733909,0.0,0.07899319196175782,0.08491616838703542,-0.23872448246033326,False
-0.08468234316884793,0.7759324506234777,0.3998581846789133,-0.48537008227445655,-0.2551376507588627,True
0.6707043045491563,0.2629491981486447,0.04317912489529256,0.2746217303332182,0.17475608507258786,True
-0.0664622476009964,0.7579657835311323,0.31991701860876787,-0.4925495687315758,-0.2808087140905058,True
-0.1574280244550159,0.0,0.43972546186090944,-0.16236185089895228,-0.26128944442925117,False
0.14170310587704615,0.13180596371435044,0.19997818490362093,-0.2941710316866732,-0.10272858645534884,False
0.47811191338666026,4.04600370081428e-31,0.08,0.0912532715575104,-0.10725728033716687,False
-0.8898331828118522,0.23825325220882396,0.24009772354480902,0.30591919972012166,0.23934804619176403,True
0.2483612981436829,0.7295636051205874,0.2923391799393668,-0.35263568814099344,-0.1273786227075769,True
0.24212065538843452,6.296102939931992e-29,0.18887099844053523,-0.07040838169677514,-0.07904964170043044,False
-0.9977789363616694,6.514633679158929e-47,0.11999890805036002,0.11899551289513842,0.17773881204569245,False
0.20578701280322065,0.5978999796307045,0.31757816277062273,-0.47323289261072554,-0.12434058709700874,True
-0.9196291758019768,0.0,0.23999999523162857,0.12063004100418584,0.2056789598359246,False
0.17150073356536666,0.0,0.5597863359437073,-0.16133351645296387,-0.12115555396648081,False
-0.1032411506734281,0.6952476273521027,0.31990179302783245,-0.4803945588637598,-0.2870495708584605,True
-0.2925394647621613,0.22684875173263327,0.23982063938073372,0.18371354031487222,-0.2745907412640989,True
0.8670504687484673,0.35148736347688675,0.16000030025626283,0.272483251483401,0.1868023076040713,True
-0.4654881364833181,0.2620760714179369,0.15999821641228862,0.29206323417788677,0.20286375235027268,True
-0.4374012390722879,0.2838525713371073,0.0399997155578433,0.2879327258452471,-0.2674313226393999,True
0.009811927291307976,0.7342607729897705,0.39994466458428735,-0.4753619809588939,-0.27291270870532697,True
0.2936122373510335,0.22620544232824602,0.2449675332735007,-0.09312229467146782,-0.1229991343725148,False
0.9411468580473232,2.4541360884175148e-31,0.12000000953076077,0.10439366308914166,0.15121834595378886,False
-0.9282490412102371,0.27215488370712765,0.08,0.3035193456080262,0.22136170333757133,True
-0.1536002677138082,0.3445363408382773,0.31988048646569334,-0.3931957095111624,-0.2885527709910792,True
0.17662417733999836,2.3712191739546298e-64,0.43971790233107183,-0.16316415437490497,-0.08585533364658333,False
0.4634045651109666,1.0753100734981735e-59,0.13298436528274865,0.08797006535747473,-0.08353399860165418,False
-0.6489778541642952,0.2548096773406695,0.11974193370027933,0.2874543481741568,0.19613461468391896,True
0.02107756921863979,0.1727940162729798,0.4399082667394097,-0.3594579460238798,-0.23201825316062655,False
0.0005691916788137519,0.7050443296212847,0.27993600759273735,-0.48148567685029586,-0.25015295928044484,True
0.7855352639555262,0.2508214526137418,0.15999868394026862,0.28420112642014667,0.19554737475756534,True
-0.23463458498889267,0.46811921809905216,0.25816506255009275,-0.4647091966542535,-0.2623764658164657,True
0.3257276736059411,1.7819650799540512e-58,0.17720570152014112,0.08372976550333869,-0.11416977228533652,False
-0.9063768805958994,0.2273888149872731,0.279992370967554,0.28738167724694985,0.1838259105454721,True
0.5024465677633512,3.2148149761988015e-29,0.08000001992266968,0.08802796287919082,-0.09944759779185647,False
-0.262429415328469,0.18395811020357714,0.1690103034201614,-0.3181141139414556,-0.27071488942942756,False
0.8960572731239489,2.118882057216431e-68,0.07022835118339793,0.10370457488244993,0.14101299977576678,False
-0.30554956365156816,1.4455408118498993e-40,0.1171853344361399,0.06218539540641656,-0.2339816912157515,False
0.3677863976939153,0.23998010068006984,0.11999939738946068,0.2492461165453485,-0.10726685986280662,True
0.6492697634905917,2.890495150834348e-41,0.16000132425556232,0.09709702827513317,0.16883287867098515,False
-0.02749401152761588,0.7231533359113763,0.3999062747598168,-0.4778617282246481,-0.25632842082209384,True
0.9683517426529846,0.2860962736607908,0.15892559456258565,0.294780006238291,0.18984467592304025,True
0.20762807632651015,0.7266335057215569,0.43910976776338156,-0.4738950015465799,-0.14495606590678137,True
0.5192496639704012,0.2426603177639231,0.040000000000062215,0.27308093444474146,0.17660512822288318,True
0.36903339073250363,0.0,0.07999464117534942,0.08586652096604849,-0.12766764006084952,False
0.8648324543642743,0.25048181233506417,0.19999987602243494,0.2862396089982703,0.19439226953064725,True
0.8995709430570216,1.8906091358401813e-46,0.16000447755198077,0.10975820381832851,0.16430864761472747,False
0.980222256105941,0.25655295746403856,0.1600000000738541,0.2808998202554717,0.16565674402223535,True
-0.7476892338259415,0.2438900609849967,0.15965857233283656,0.30336829887934674,0.22024940716243313,True
0.9532012345038376,0.0,0.0400000991862537,0.10473808493527129,0.14708838513495745,False
-0.5417886878288265,4.945892636250351e-72,0.1599994897861096,0.11244124381762328,0.1772402054913604,False
-0.6278871543686237,2.6283661779879247e-51,0.1257572224034792,0.11526134367683169,0.1731619474363116,False
0.01842284402009664,0.7563396026927381,0.43994971645579456,-0.49934784433474066,-0.2709311982566992,True
0.06099536532782257,0.0,0.3599544383471142,-0.1617507569727542,-0.14369206479842514,False
-0.43472151664947356,0.0,0.27788683103819684,0.10494630753404287,-0.24939319422164077,False
-0.3796769292831983,-0.358134683269653,0.15942329659462742,0.3119507055295288,-0.29861104440036784,True
-0.3802312477402048,0.2726739364457675,0.15998201038154344,0.2689103360123386,-0.29319859056913766,True
-0.46722222820341797,0.23068985509574255,0.07998796919534494,0.29089674933484644,0.2026331286097081,True
0.18686230174388574,0.6720680834442763,0.3588479565522492,-0.49575055057489964,-0.14133786840292312,True
-0.5657312550821452,0.2691447998483424,0.1599995660794535,0.2931733288533461,0.19771058935550404,True
-0.19523416464388443,0.7145462153606429,0.3991748176344912,-0.47933174732488926,-0.2890847051839372,True
-0.42287752100229814,1.5695281929700259e-71,0.31999649086870824,0.1048313798308178,-0.2557890934581072,False
-0.6523183695475314,0.20952557966079366,0.27999982357037495,0.2987714775115532,0.205376991585914,True
-0.5485729534229589,2.3110236880419537e-08,0.04378894442032436,0.11676778356812643,0.17223197250721084,False
0.977282835158997,0.0,0.08000000000089241,0.10544070888377416,0.1555135937014084,False
-0.1318972942179848,0.6967421545109859,0.35981613838747756,-0.4788102721250553,-0.2659599841220907,True
0.6563785520419119,0.1985899775882303,0.23993806377384527,0.2742217599725623,0.2079832795161815,True
0.14502566388679172,0.31788305122890526,0.4798660509053401,-0.44016977321082496,-0.11966266775887069,True
0.30380055698082864,0.2522740271323307,0.033799597996984655,0.2539208708397729,-0.11835411713795703,True
0.45947631225335184,0.45517873595648284,0.08000000000009606,-0.003472604941995666,-0.12088673649094722,False
-0.21743269775795282,0.5465220201430302,0.4757608552634066,-0.4701458602352173,-0.28279129522731516,True
-0.21427508686585073,0.35897174054200554,0.5145530621624822,-0.4559824449223393,-0.27141681283679436,True
0.7191024607259737,0.0,0.15999046382527013,0.09282893909872209,0.15924787170146287,False
0.6200392224080422,0.27633879233589653,0.04000000000003021,0.2771099713070761,0.1970507787511914,True
0.6730877687638621,0.20998946029828186,0.15939470192238606,0.2567881586564989,0.1984464384537641,True
-0.6240241514750833,0.2664656944877936,0.1993568117003589,0.29994126053355163,0.22771877039733546,True
-0.2808065051577344,3.095753398706446e-22,0.16677543365874442,-0.03923423798337554,-0.2407748169882192,False
-0.03603203386182319,2.8738186065546697e-53,0.19993484103798426,-0.16146041915535259,-0.24780422372429345,False
0.9321452922154947,0.0,0.1566945826526923,0.11011976194219719,0.15953428309589313,False
0.12662636781259007,0.11763544441301758,0.43992633482290194,-0.32280194041156907,-0.1309929968120515,False
0.655009725195955,0.2182132333248467,0.1600009484196022,0.0816714325683467,0.16390082376249823,False
-0.8477847801326934,0.0,0.11999967576552936,0.11602848252223381,0.18724285324047743,False
0.10627588912708696,0.6991091086964683,0.4399453125465889,-0.49804310829611004,-0.13351769740904235,True
0.09588091951243949,0.7225196411410802,0.39995312596938254,-0.4962632920252904,-0.1110046015535982,True
0.8108871958211223,0.23919924752259555,0.35688156483595096,0.2694500744506775,0.18307589812903333,True
-0.26102265077428943,1.4281344932921637e-17,0.27720160548444533,-0.11320880632630698,-0.23552798564330285,False
0.8023252838831818,0.0,0.08000008416196643,0.10475243796648798,0.16932462359150133,False
-0.7187379501343498,0.23376271648101804,0.07999991416935756,0.3068423849032496,0.22309749693926115,True
-0.8016525493819773,0.22595212969257145,0.1599980545280505,0.290198000003176,0.2179608263517011,True
0.9463665200801843,0.0,0.20004963571975323,0.1103486084442867,0.1531144238156934,False
0.8840900406899701,1.6537304113193957e-53,0.2799989843433043,0.10503280617103632,0.1806260246424433,False
0.18189392047903197,0.7512360696147613,0.4393382680256519,-0.49670782114230677,-0.12022780773711228,True
-0.8960842710173376,1.3866842864020442e-28,0.23999933601584206,0.11636393272496333,0.18491495120422632,False
-0.8996966045727226,0.0,0.19999555600112445,0.11653390887795732,0.1996136997964417,False
-0.3507956458604524,0.0,0.03996002056038151,0.10346608836470958,-0.22587006412152383,False
-0.24850047627470673,0.1779439137230496,0.19208367395690187,-0.3815691615354147,-0.2850810476663833,True
0.5282986388026616,3.090878822761399e-60,0.16,0.08879349458671804,0.15665777479013546,False
0.7185316869463101,0.22120756754057003,0.16000002332309932,0.2636033779176032,0.20782817472459916,True
0.09141654834364044,1.3094205860417734e-08,0.3199611098388679,-0.1663064943383094,-0.11568646514751997,False
-0.3522900336651478,7.570152140013664e-14,0.07688462621422218,0.10201720513866977,-0.25413356331868936,False
-0.18837026548220348,0.7108547179670599,0.35968263310348114,-0.4824612863390474,-0.2629090518705856,True
-0.7806644536692111,0.2777888826674627,0.20733838444412087,0.3027013211776918,0.24261039917158186,True
-0.7254173660200798,8.125801932753903e-64,0.15999998092651652,0.11481029706300447,0.19664363759132944,False
0.4907779377547181,0.0,0.11777589065257643,0.09347690184568316,-0.12997637861631806,False
0.7528310810899119,0.0,0.12000016575991113,0.09934727602761298,0.16941134032022828,False
-0.4820213131712596,0.21671600525446783,0.1999873531754113,0.29224867457306214,0.20326657953757082,True
0.3712033218477846,0.21074088415636974,0.03999997917416607,0.2715872475019728,-0.1461941423761004,True
-0.28177704895910316,-0.4403325490201765,0.18567610481825383,0.06310889631953982,-0.2979268899018275,True
-0.9879657490844735,0.0,0.16000034333072122,0.12093436645094621,0.18729161377344916,False
0.5223617143637698,0.22369744663508975,0.1600000000520681,0.263021660663913,0.1857481914820328,True
-0.1719552131544979,0.10582952916989714,0.3197997699801816,-0.30302305995278495,-0.22179790249661344,False
-0.33221605142845645,0.0,0.1569237875841507,0.08774157879046841,-0.24121300055525913,False
-0.4439138338457611,5.055500913463518e-23,0.11998931478376179,0.10516032098649007,-0.24079260682311454,False
0.1850283177341605,1.2132539009185144e-17,0.31813119947662505,-0.16089302660173013,-0.13004083310012404,False
-0.3497987155411977,0.26792740521264014,0.15503508640616745,0.26489876434595583,-0.2799803645462242,True
0.8736106820143945,0.25523851240084683,0.16,0.2808389293394067,0.18010937129838317,True
-0.8080340491281386,0.23409530849340837,0.2810810594947878,0.30646965507924223,0.19738193316878536,True
0.7665914917764598,0.28037126968192766,0.20510023893931248,0.2857057549997223,0.18543055531339517,True
0.1360354658027716,9.186599211101223e-15,0.4399438232570121,-0.1634536845703356,-0.13317659086245717,False
-0.8761530509250586,0.1934745133583892,0.20000000000002222,0.29482375535929484,0.22556282366984823,True
0.7499773303970734,0.2506875409075626,0.040256286088401705,0.2755865226197922,0.21879688012458898,True
-0.5502944656501485,1.4413301390909711e-52,0.11999999524471747,0.11195143411306806,0.18536486511489508,False
0.5987665627777305,0.24512679487916988,0.15957051820322538,0.281955750426728,0.22344534367764218,True
0.6037499658239847,0.25754101815873015,0.08000000000481383,0.26852475806341525,0.18855846096588308,True
-0.9420909606905696,0.30878686840215047,0.11031418670849462,0.2875438062019964,0.2044687683660164,True
0.2541980069526748,2.384189800581609e-32,0.4148109687102965,-0.0243778247774198,-0.10854440372080672,False
0.20927852160970706,0.7271614390970768,0.23982278677021102,-0.47261209548927097,-0.15808703826465134,True
-0.8435849502896229,0.24395797404910172,0.1199652032267134,0.2993306023061253,0.2256225327437984,True
0.5459071254113372,0.253096100416363,0.15999907017294518,0.2748360541948479,0.21761020287405936,True
-0.7133667514607476,0.0,0.15547225409353643,0.11531315266568297,0.1769771169160427,False
-0.07263078434266679,0.0,0.3999214649893471,-0.16384810264619792,-0.25541146504454326,False
-0.805778648080278,5.078005655060078e-53,0.2011529112991231,0.11597613447411888,0.1692438834997404,False
0.13970843184533477,0.6807087338063399,0.1599560356163102,-0.4761602858217948,-0.16301155618006474,True
-0.19246608355939832,0.0,0.15986077234905036,-0.16133389415507968,-0.2255018413693283,False
0.17315740945271485,0.0,0.19988572083592987,-0.1614298839560673,-0.11644993841508394,False
0.4974127491191809,0.25025790278479215,0.19999154182980014,0.2582214093225242,-0.14112451946047067,True
0.7792276660630402,0.0,0.21269284565369276,0.09565435410664724,0.13883857087047619,False
-0.2412196891492555,0.7141628991733949,0.24620371482317804,-0.48185540971662694,-0.27662385487594754,True
-0.41512747642533077,0.061476100865523325,0.13629529695060671,0.03626101705669589,-0.23942879975981263,False
0.018580479947148287,0.0,0.39996102616013174,-0.16313488409332577,-0.2351357020138294,False
0.06562720079777207,0.7335742510138424,0.19997945214037866,-0.49130636313511067,-0.1351240344661561,True
-0.7891567586165282,0.2549401164976885,0.11999990940099124,0.28826889315109794,0.20791574031024196,True
-0.9081179930860277,0.0,0.16,0.11642606619542223,0.19218214397784142,False
0.243986298382036,0.0,0.30906916548674335,-0.09524685660790692,-0.09862621104176644,False
0.644889844523528,0.28729112998635953,0.08012496003285056,0.2825140051258116,0.20392793341532947,True
-0.8898728601894932,3.1961492412191587e-70,0.47999245663970475,0.11707924455408308,0.1792302261411123,False
0.5959468906002998,9.704861562552961e-56,0.12007165848699096,0.09135326123592864,0.15380404292431407,False
-0.5115101564266444,0.023503810949361964,0.12018210957092682,0.09514810749181032,0.1635167386122103,False
0.6070754840188921,2.2669945906977895e-62,0.12000000000000006,0.08970108376602362,0.18519463025428842,False
-0.4036498690752992,0.30351233414087403,0.1381863669063361,0.27096436079551256,-0.28085602810911947,True
-0.06545807370249634,0.6895244616955211,0.35993830842357183,-0.4768097338529137,-0.28372195504851966,True
0.865639315713874,2.9138854231479874e-25,0.08000000009277018,0.1063681990362729,0.17798837599109957,False
0.8195135691494717,3.792358954829767e-15,0.15999952317373003,0.10468013905570717,0.1742552963623373,False
-0.7401445525474304,0.23528560185051892,0.1199958468561941,0.3062524212094906,0.22262532592632597,True
0.058995401906986045,1.0067234368428742e-33,0.3599478158379413,-0.16138489367411865,-0.10877671106917466,False
0.23833155614864632,0.0,0.17577369412794186,-0.10374658252832716,-0.11238455199097708,False
0.24923043628360042,0.6048206157271127,-0.1015620854886165,-0.06321229930271342,-0.12186960465686321,True
0.29361767178018017,3.9206396583187187e-07,0.09139406622762541,0.06802314841956071,-0.10413805027778553,False
-0.3358470542982597,0.24157961384799742,0.04481460310392795,0.27604817823658145,-0.28995513885572055,True
-0.7715553258971595,1.6294106724858116e-32,0.16,0.12041005082027509,0.19501505535803276,False
0.1422089822867898,0.7194183995109428,0.439908319536663,-0.4830362956304486,-0.13106985291083703,True
-0.39601704116161995,0.05513067311185587,0.1663366990608611,0.03810430709411239,-0.21750749086646348,False
-0.612988787889464,0.2637142149357175,0.267338360640463,0.2863909232720967,0.22433637101955115,True
0.12941138373700367,0.7180409982581076,0.19995501241209826,-0.4801213224679366,-0.13489124751999576,True
0.22096530430360084,0.0131696871392639,0.34417925599475085,-0.14626533590660099,-0.1107293938281312,False
-0.9093404388422683,0.25941234447776224,0.24,0.28160305570942296,0.19588985493151048,True
0.970751281240432,1.3452753409408684e-63,6.564907193144026e-08,0.11000102614911096,0.16192754628126857,False
-0.7925459262638175,0.24215627227627604,0.13029770796685625,0.301351283656934,0.23010525040081975,True
-0.18820531522643424,2.2179035082468975e-27,0.3196971115308135,-0.16390808951651992,-0.21063995864504542,False
0.33111816742240996,0.0,0.10777288326622837,0.08531483955377855,-0.12756984402596486,False
-0.6059759075656053,7.520123544708346e-61,0.24,0.11843121910016197,0.197659206689949,False
-0.5164390798520255,1.8355473885889344e-67,0.1999998999961172,0.11617942698144473,0.2061439740701984,False
0.24634490661362185,0.0,0.24166426947505218,-0.04820318602176543,-0.10443141326198355,False
0.5974767018988947,0.28084048193065775,0.12000000000000792,0.2625858035530566,0.20797273301457492,True
0.08927273409627046,6.126527021767873e-71,0.3599470797321749,-0.16157278649125542,-0.12203966816830122,False
-0.6048252618771752,0.0,0.27994884220367056,0.11853337363333476,0.1909020469089287,False
0.5682434822597606,0.26878993370308574,0.19991955117944052,0.25321324323630323,0.20558503099106312,True
0.6286676442267929,6.683435759911171e-16,0.12000005298363928,0.09062572687266252,0.15660634323558828,False
0.42177803386561874,0.2562424618304845,0.07999998105019217,0.26264856558975114,-0.1366085996008647,True
0.8880854809960612,0.21741429696867062,0.12,0.2677926703597168,0.20260226878693968,True
0.7098951814464258,6.809316496023545e-56,0.04000000001065541,0.09266918340243924,0.15682425783912915,False
0.9271526121160074,1.1585239604302711e-68,0.11999998092651594,0.10981760476884103,0.15837942697767338,False
-0.070721604102161,2.0593077247451443e-65,0.27993969039139865,-0.16344881140878842,-0.21026748455236918,False
-0.030009509853274885,0.0,0.3599312841417738,-0.16137355638666914,-0.23555641240587047,False
0.17293749229441935,0.0,0.35982955985647463,-0.16279073469050498,-0.12360454869194497,False
0.8839777540874605,0.0,0.12000589805546624,0.10563670891910826,0.15195926128057805,False
-0.25543351465974995,2.146092789444027e-71,0.18748894193025317,-0.12361743830835112,-0.23403470359622963,False
0.19648450319557154,9.119048795767335e-64,0.23889066029135964,-0.16241340964593598,-0.10671141549022845,False
0.22722460182140147,0.5890573550668304,0.2849306635344101,-0.3933946465918884,-0.1177435727048133,True
0.12012823019155783,0.7535673797385994,0.399939825090593,-0.47854445715636496,-0.11668064757154968,True
-0.7629643056157318,0.24695257930632397,0.15999354388463927,0.3050530759784575,0.23484237820182802,True
-0.19417591002063794,0.7120058320219437,0.3994740657890363,-0.47819437636614515,-0.2674045962748315,True
-0.5570022907213754,2.5969731035058594e-55,0.20004305615226026,0.1129062864748133,0.21552189221054913,False
0.5765573896234004,3.323644079146205e-36,0.11970854651505522,0.09353259476906109,0.18397706334910846,False
0.5279752850955635,0.0,0.05422592156273609,0.09003589124509448,0.188360735481446,False
-0.6512439841637718,0.23070985037886638,0.15999986812141379,0.30264415109193527,0.1980445999604948,True
0.4477075834509219,-0.06947937612006454,0.11999999999998578,0.2710530443041843,-0.11219625629844494,True
0.8491242761838547,0.26807401011526694,0.040000060095064585,0.27612552976313826,0.20008180895569197,True
-0.04813009803853241,6.566187800589955e-34,0.43986983717126754,-0.16429209445293516,-0.23676877563218257,False
0.8258777806525919,0.27610627676037286,0.07999431003983387,0.2890491987933099,0.21393115706752636,True
-0.12515606778901045,0.0,0.39985366804991296,-0.16434017619577315,-0.24198956349753387,False
-0.8682789456749433,0.27590060165414615,0.23999999523162857,0.3037226997919026,0.2264711703852458,True
-0.27258868360466226,0.2415897465150697,0.18887552390002135,0.07411694309862478,-0.26868872174974806,True
-0.621102248486967,0.2258906218609108,0.2399999094044766,0.2929805785891359,0.18051074644857565,True
-0.7033347997001183,3.624947716465254e-49,0.12,0.11951944003991609,0.2181680147168051,False
-0.5778387567178445,2.5830910417593985e-71,0.27691865589914544,0.11838834831777892,0.19905135400847243,False
0.7591191280723384,0.17006643430222154,0.1546329467709841,-0.0467995386873922,0.14458676188100006,False
0.6354922124940092,7.662225927261414e-21,0.07932398697829379,0.09668677928708123,0.14224042185517038,False
0.2631273612564673,4.119060027646555e-06,0.21180431327127092,0.014262074183077926,-0.09734539406156444,False
0.9105649785875118,0.0,0.07999996662140589,0.10659930686153497,0.14218477130580515,False
-0.7618994051350629,0.2405762381528999,0.2401382201818275,0.29926422041287704,0.20611708137179796,True
0.20454438281077691,0.7112682209863188,0.35079868057952485,-0.48248178140545556,-0.13396192595015047,True
-0.3371507147375703,0.24703970834622638,0.22673567037042403,0.2834057888901814,-0.26356025522594845,True
0.6430613214449667,9.614609509244332e-22,0.2799809903418268,0.08987398130145016,0.17869313430453337,False
0.31957747596225206,0.22515495967576707,0.23709101534803806,0.25932489857775304,-0.11221732341495286,True
-0.15485788489039054,0.039470154113039516,0.3197964762327642,-0.20634389778841813,-0.2457846095134053,False
0.4321658293564803,0.27917291401958677,0.28000039712933644,0.27599901144266875,-0.12963813509521124,True
-0.5694222372827691,2.081577947041999e-72,0.11999997627464623,0.1174251596363425,0.18067970482743606,False
-0.9663342449629915,-3.4243229974761337e-15,0.3199997150763415,0.12205913596559335,0.19836852633091256,False
-0.4385387384703985,0.2442710459460236,0.5073554483264147,0.28955786120733734,-0.2861225280321867,True
0.20344217204075887,0.7047197187199014,0.21950714553867884,-0.4822926922673527,-0.13924619874078972,True
-0.07888817389725666,2.5133764871985683e-73,0.31989009264361656,-0.16365590114893672,-0.24346937905864655,False
0.4213336182229419,0.0,0.03999999523163865,0.08851589687119057,-0.13031768954345313,False
-0.6706482784745318,0.2641388663977922,0.15999968528786823,0.30116735951707585,0.2110560075733864,True
0.8804721236707598,2.8783229558919905e-38,0.16001297629574127,0.10628476481009824,0.17081538062761725,False
0.9108967441023659,1.7301208647180082e-17,0.12000000181663051,0.1040244437241531,0.1435981467171979,False
0.9614616385185841,0.25480535929954706,0.12,0.2769147516745081,0.1913792763934073,True
-0.8823401530969239,0.2561929291994906,0.2799854767051913,0.30012659957746807,0.21304846278486303,True
0.48074029626567394,0.26492730501984124,0.23999502372573508,0.2698130430547945,-0.12342250155073606,True
0.2013041759535681,0.0,0.469180501127803,-0.15956323014061366,-0.12177868896012804,False
-0.8220933473687619,0.23593603782897982,0.1999700935917663,0.28867031744049404,0.24138676251464783,True
0.9786821028300527,0.26308290695260184,0.16,0.2883794881978156,0.19390654857944825,True
0.09768460459245087,0.4695070234639114,0.35996307587100007,-0.47556376953297885,-0.11744387546860897,True
0.34893581721620026,0.2591056799734013,0.04204052045851766,0.27417999840407004,-0.14671046773114918,True
0.4497859428254223,0.25335558347899134,0.08000000000000002,0.2695931226047065,-0.14468451729301332,True
0.1369889119802239,0.0,0.3199407507532312,-0.16371621775654926,-0.11448960678286903,False
0.05497572252290417,1.5723543757034823e-41,0.3199336418634901,-0.16392527077246227,-0.27628156299536,False
-0.6984941079871183,2.5495225335151386e-14,0.12,0.11505989348009983,0.17229436833658962,False
-0.5194310038062264,0.0,0.03999885597163601,0.11026404896643385,0.173965244148949,False
-0.19483741819951073,0.6594679648216482,0.3596224801793518,-0.49970804137483815,-0.2854104326517077,True
-0.8643253937219129,0.22787565666488835,0.08,0.2815136047363742,0.2126082493280365,True
0.5167697994768976,1.399764094819362e-32,0.11621931228786707,0.09011637739581915,-0.11074386278607175,False
-0.3146157949169681,4.8750105470842644e-21,0.05006804949038439,0.08891847396624922,-0.22228362795673634,False
0.9794776803505192,0.10195405525242536,0.15918072613410186,0.0043281923822719726,0.15105454975454652,False
0.7771223856854526,0.2528739073037628,0.12,0.2816905020318413,0.19568644281731953,True
0.8770824767816248,0.0,0.08014497038312712,0.10326965102632861,0.1620921874225215,False
0.47820157765941906,0.2763935084020415,0.159987174142511,0.2748147105939049,-0.11715588082615426,True
-0.9461063234465739,0.5884989867666576,0.14952460511628643,0.35228854955027994,0.22078842402933482,True
-0.23520822727763702,0.31495789246667727,0.2728664974625808,-0.33223771586661266,-0.22487337131027235,False
-0.9789472080213519,0.0,0.2884992857629388,0.12014242105432021,0.17865400322289499,False
-0.8695358595706901,1.258238960063309e-43,0.2399628587542106,0.11649291570416587,0.20134328920568142,False
0.3627853911894052,0.26814042610217814,0.16340416483800585,0.27149161354889817,-0.12304610483520512,True
0.9733189518442371,9.333194042658159e-55,0.07998278160324998,0.11024390507540033,0.16948781301417418,False
0.332501260051854,0.19101059431082487,0.26215402962415024,0.26518784540585216,-0.13184423471483378,True
-0.16979396632172983,4.206769068557685e-52,0.439669583929327,-0.1635532302458473,-0.2386589551203219,False
-0.9176785936808576,0.23960660190770958,0.10469212311390587,0.3007780905836849,0.22189250998795643,True
0.7885737156625181,1.3082754029066692e-49,0.04,0.0988603452884294,0.15439766309675884,False
0.4135739465401518,0.2213681432275592,0.23988468851531308,0.272812191255095,-0.1443043332621585,True
-0.042201352776289225,0.7543083882164393,0.279945009372037,-0.48190974841713685,-0.27402607157775416,True
-0.5687750149281257,0.0,0.08000000000017536,0.11752113655352978,0.15357199931859652,False
-0.8364678722760568,1.8412051099367407e-40,0.043254891072367664,0.11580660550530816,0.19573321771230875,False
0.346404408452196,0.25580681629107316,0.23954782082247789,0.269578087203881,-0.13124293247563945,True
0.9895583775847943,0.24746760150649122,0.20000057718383424,0.28902048829195687,0.17969520517183615,True
0.1870646332794843,0.0,0.23939271431990883,-0.16327952601551632,-0.1228126996590464,False
0.680364898258329,0.0,0.08000000000125568,0.09140999496287606,0.1630013755198875,False
-0.6940438833066074,8.751627980308134e-21,0.35993907632456584,0.11480220182005918,0.1967241013565399,False
0.7522831468772939,0.24487929432014457,0.0801306620976267,0.2851650472173358,0.19037103903275102,True
0.08967119375147736,0.0,0.27996254220908445,-0.1642501103905698,-0.10365264372402722,False
0.9672845512835058,1.5785124119851254e-76,0.1200006416665216,0.10472348036260094,0.1724760089699698,False
0.47140428183535343,0.26114421175351954,0.12000000000000266,0.2516682680502961,-0.12914774678645977,True
-0.8138336008297542,0.0,0.361261727371219,0.11930413676890159,0.18971275861965778,False
-0.4155519656602129,2.4551827490879358e-52,0.11999630458265102,0.10699770858000174,-0.2421912959825065,False
-0.45390366555379225,0.26252106584393353,0.11999623846445338,0.2819177627966178,-0.29587942473035833,True
-0.85766717329848,2.1517622951300816e-69,0.15999974766863295,0.11609577987817102,0.1964913672377137,False
0.3600457853767012,0.2475936695568844,0.04000301027404814,0.26002687255176987,-0.11790334273948518,True
-0.5505538741861644,1.349632567293178e-60,0.23999570858099745,0.11291806074393673,0.18382138684201063,False
0.10299944920579196,0.7164530800040025,0.39994510142503165,-0.4895095321123287,-0.10923760082328414,True
0.5394846670884865,0.11859986416233675,0.2984099703260314,-0.06801137316513851,0.1697249230873139,False
-0.5765639667097833,2.8501476786057216e-64,0.23985771668623201,0.11833066127287635,0.17806653657515928,False
-0.4144229196002296,1.4574149033335806e-49,0.07980387454382892,0.10942963485662424,-0.24198014066410492,False
-0.28716541669996665,-0.6189980877646235,0.14081345265749723,0.14961333141057193,-0.2609283295206461,True
0.912734980621446,2.0819382976642878e-54,0.08,0.1040261233140363,0.15530240219902364,False
0.32048772425943284,0.2575098573424308,0.03995045380503811,0.26646693745946287,-0.15081557517520097,True
0.9010248087367374,0.0,0.08003554788766508,0.10742679706115005,0.16457229956491523,False
-0.8062648175262395,1.2663373029769727e-48,0.17395859837126137,0.11565446769934436,0.19479316517622264,False
-0.4709470344468887,0.23307280390825877,0.24000054905864118,0.2967155318912448,0.208807690954504,True
-0.4557239983119832,-0.2937882991226097,0.19467631637149174,0.38085055497616216,-0.30081029620491184,True
0.6701743472599393,1.7534383431513824e-22,0.1600000002332022,0.0904023741278059,0.1644608992602399,False
0.6257047750871152,0.0,0.1600000000011172,0.08977563242844488,0.1679024768561155,False
-0.4125116866669809,0.2734309407462642,0.27853937818400193,0.28888920363565596,-0.26780108988292756,True
0.29941987909288015,5.9461974637664875e-34,0.17348097267721344,0.075724910338601,-0.13188824034507896,False
-0.15801072330970833,1.4916153536400163e-51,0.23984619725155448,-0.16326083138380676,-0.22452929909063052,False
-0.8506966506523657,0.0,0.1999999332428257,0.11628321802851736,0.18965170651626634,False
0.4776137098603468,4.706094104517442e-47,0.12,0.09490476129838515,-0.10825835096506659,False
0.1707400853988621,0.0,0.35934077507588,-0.1627236565128822,-0.13101539042494115,False
-0.3106588048364327,0.0,0.14559160404967206,0.07658614166429775,-0.25842452796552473,False
-0.4839936433365013,0.0,0.1199648548952041,0.10821617715988119,0.17881088004912596,False
-0.4163639330716904,1.5443454757830297e-36,0.15973791964339573,0.10771273956678055,-0.24743409074350428,False
0.5394608358408353,0.0,0.23996777762481677,0.08909401920040497,0.15423596998114555,False
-0.15136911726416002,0.43222919017911365,0.31980579041958435,-0.4544248374155814,-0.29332458626227004,True
-0.42285632845318566,0.0,0.13697912885624774,0.10433187480760767,-0.2563817451506459,False
-0.4716368160130824,0.27452071546228746,0.19997831629293827,0.29265979235107675,0.22686589520739645,True
-0.4461621296920488,9.413874908135873e-59,0.11999966144763193,0.10539596374982843,-0.22075870791560465,False
0.6847120199570016,0.2521052616375804,0.04,0.2568210842026116,0.1766660475473654,True
-0.6607554255449217,0.4075782117760776,0.3599999857084334,0.30787370319398855,0.2442854924623115,True
-0.4958267471960922,9.247431676108928e-12,0.1999997711185739,0.11058525170127873,0.19385974990044483,False
0.1837504010158817,0.7100684917117077,0.31953861113091236,-0.498007015327704,-0.12565362918680706,True
0.9507194361804487,0.0,0.20000009143746467,0.10452418897828182,0.19053858843548271,False
-0.9917376828482118,0.18987742117755452,0.11999904633114511,0.2984147530132588,0.23232057675257411,True
-0.519967757644394,0.0,0.11880175550224817,0.11645209268920699,0.18297462960520805,False
0.45303220024122237,0.3431100819077055,0.040000000000005115,0.2750387426061131,-0.12211127550581427,True
-0.4985509459697648,0.0,0.09085052165835265,0.10871761521114719,0.16989946958980987,False
0.8363162722714663,0.0,0.2,0.1012460363598329,0.17690351391752102,False
0.016303816311952435,0.7267236997768983,0.27994580707755334,-0.4818704186972956,-0.24903527490182975,True
0.005064146055508978,0.6503703916703589,0.39993255681267376,-0.4809093729660513,-0.29214005478364075,True
0.42460773578672084,0.2768956931166193,0.19999996185317187,0.25011839156381305,-0.11957145843316033,True
0.2795360621476488,-0.07671222536204175,0.23313577399804483,0.17158500392031678,-0.14146292183683576,True
-0.4313947162749838,2.803864428566349e-48,0.12009621180417163,0.10363987028577468,-0.20988219733666047,False
-0.980433358814079,-2.4499615388283534e-16,0.2000455066670861,0.1195528919006279,0.19917033208538945,False
0.1894791305350345,0.6280355493432408,0.4369656432643095,-0.47940228345846647,-0.11894543941231758,True
0.6820299648632453,0.2438056675094729,0.1210098809879453,0.28180925634371073,0.19356449355294628,True
-0.02681948598156425,0.0,0.31993624235496354,-0.16133493780754954,-0.23002718189103669,False
0.5615902732027422,0.0,0.11974414387012544,0.09529889778970532,0.1943835520460786,False
-0.17493027487368518,0.0,0.4796519635703308,-0.16405344818978965,-0.2249256700075954,False
-0.24038887454066749,0.6889876991643179,0.25711136400663254,-0.46206318063351304,-0.2893590612770194,True
0.7968910175003658,0.26953558267441113,0.12000005983643046,0.2811891823472885,0.20376106741419578,True
0.7934522518729108,9.59960203630294e-17,0.08141673433462046,0.10162416475560003,0.16291050613448335,False
0.44089349806092404,0.24756085919218263,0.15999999998452438,0.266501148676466,-0.12525525263217277,True
-0.4302965213944534,2.0490955672012732e-39,0.07999598049478734,0.11014734837645643,-0.23306596385372733,False
-0.32020166812893147,0.0,0.3120652091849392,0.09543956482676447,-0.2230333245465833,False
-0.42965794859527384,0.23929185424563518,0.11998807535732496,0.2933464445989672,-0.27885537439603414,True
0.5592215824927234,0.2239366931045507,0.03999943987652577,0.25807893430356954,0.19914906180434572,True
-0.9908542512463523,0.23949941405985012,0.16000000000357859,0.30176551269101315,0.23267806723622209,True
-0.8306248487870938,2.4814233688639633e-27,0.07995305740433092,0.11588772073967442,0.19789013483100892,False
-0.11728546951407037,0.726691450504555,0.2798971179946097,-0.4964133239324916,-0.28698959620883896,True
-0.49786535763589845,0.24747364460997515,0.11999566962611258,0.2938539341742659,0.21302309024399652,True
0.8117451931954396,0.0,0.08000001238407992,0.0986232100366713,0.1576192610635459,False
0.7617653555067951,0.23555730355580817,0.12000000186430554,0.265073499838797,0.19072186565292573,True
0.43304075885121285,0.0,0.1600000000002931,0.08729910171332583,-0.10468243475569153,False
-0.5226473770528177,0.2902896385653541,0.16004358981651748,0.28874927421547597,0.2412841798063288,True
0.8505818565055943,0.27858981870219146,0.1991082530139272,0.2905632901868489,0.19871346769023135,True
0.9392368880132431,0.2762257362879728,0.08000000000000576,0.28983000550625937,0.18248773855201383,True
0.1564780192830053,0.7074200191819896,0.43978747281764596,-0.47876439577355817,-0.13819576927088809,True
-0.461944745856127,0.0001325926617659617,0.11999998569765224,0.106116704580606,-0.24382119095735386,False
-0.3981811081270772,-0.14755567150753457,0.15986442818273294,0.0704006909625828,-0.21493334818829232,False
0.25066453326953453,-0.46519642921767185,0.25403747446605335,0.0743125100055668,-0.10358582334768801,True
0.559688139775764,0.3408100280492057,0.24,0.255730284734006,0.19992303882498527,True
-0.15779324629833025,0.0,0.4397488828557055,-0.1615597276088314,-0.2171021504934483,False
0.31395943537582416,5.74304338518411e-38,0.20038723864842864,0.0820980198211265,-0.12726345244029638,False
-0.1527601606416058,0.7290086222710979,0.3197936455201801,-0.5004616140005207,-0.27667784186662453,True
