"","PHATE1","PHATE2"
"1",0.0362243985083013,0.00157659613086252
"2",-0.00630393543087807,0.00956121208245445
"3",-0.0185811727307985,0.00745030133283226
"4",-0.00711557502462255,-0.0185156098939809
"5",0.0132999682046632,0.0241309312050002
"6",-0.00513582769562392,-0.0197432428590931
"7",0.0113261763801877,-0.00203681715441634
"8",-0.0139897325189148,0.0184948771099526
"9",-0.0137436786364472,-0.00704499412063902
"10",-0.00620627341728407,-0.0192236309071617
"11",0.0361249587840939,0.00238121608360308
"12",-0.00261755181361511,0.0183588711520555
"13",-0.0264144053494159,0.0063185611668194
"14",-0.0117492995227312,-0.015245531579257
"15",0.0160547022048709,0.0194808567313544
"16",0.000933184119048886,-0.0039422127026922
"17",0.0210065213389513,-0.00900627829705492
"18",-0.0123503354931044,0.01949648553555
"19",-0.0149112810549041,-0.00454140700268443
"20",-0.00466884722435922,-0.0216555682958638
"21",0.0317909763579083,0.00177426725175312
"22",-0.00346659854511716,0.017036027574211
"23",-0.0232462516781531,0.00469082654742017
"24",-0.0193900740706609,-0.0118880321699784
"25",0.0107449507832526,0.0244926598208212
"26",0.0029674380886775,-0.00742271104441338
"27",0.0120138245605608,-0.000382792947211764
"28",-0.0128058905661365,0.0179301012122222
"29",-0.0142176614105537,-0.00590262701210878
"30",-0.00563846569192587,-0.020619864950464
"31",0.036340431250755,0.00444241492496234
"32",-0.00412956754630168,-0.0218113858644796
"33",0.0068218873918556,-0.0133835191775039
"34",0.00319768224047141,-0.0122050466819543
"35",0.0186013957242963,-0.00756657024554008
"36",0.0032478009903398,-0.0127890564725086
"37",0.0309828819995995,0.00712015007174964
"38",-0.00904131190486467,-0.0204778055952388
"39",-0.0142612643394517,-0.00265536182837602
"40",-0.0020087014762349,-0.0211571263050965
"41",-0.0134910195594513,-0.00659596126532487
"42",0.0162134444314715,0.0184803800232851
"43",-0.00305948204398355,0.0182180426795032
"44",-0.0103141435001785,0.0192125451338478
"45",-0.0120885161756292,0.0185707136408455
"46",-0.0116260743951349,-0.0170855001914965
"47",0.00315155564651207,-0.0106933917545944
"48",-0.00289158974459109,0.0145809954879724
"49",0.0350997424312876,0.00244908267641126
"50",0.0324762256071816,-0.000451906146015907
"51",-0.019247045251759,0.00554782249204581
"52",-0.0194306507888318,0.00812887907382744
"53",-0.0135996118991779,0.0172078908487836
"54",-0.0165147084943208,-0.00404960436919921
"55",-0.0192267917850457,0.00822563324161311
"56",0.0308057893065783,0.00323102285205756
"57",-0.00295886454149515,0.0157546054998033
"58",-0.0189725822402587,0.00776171945907334
"59",0.013441430716799,-0.00187316047101143
"60",-0.0129659888171016,-0.0157199708855978
"61",-0.0114145261840913,-0.0165515554228081
"62",-0.0125674602862069,0.0197198927881827
"63",-0.0133649047397475,-0.0152711694290956
"64",-0.0129575880707194,-0.0147376373930731
"65",0.0149133994060071,0.0205126351952872
"66",0.0188050482863095,-0.00770735726314292
"67",0.0136586177687109,-0.0022767926281275
"68",0.0242695533905278,-0.00596424178562546
"69",0.00590529097988677,0.0206046991772763
"70",-0.0134033462759079,0.000711207844517656
"71",-0.00363758071981889,0.0119256947076763
"72",0.00648985475671577,-0.0127691337038706
"73",0.0305937599509322,-0.000846098959037617
"74",-0.00504184432020641,-0.0201252851198571
"75",0.00043655906378677,-0.0140097347347687
"76",-0.0193434117079634,0.00874890916975754
"77",-0.0165193160699883,-0.00370872908564507
"78",-0.0192871956239417,0.00941666173705726
"79",0.0342369920920627,-0.000548292972415282
"80",0.0331829572309274,-0.00135985132196624
"81",-0.00276629643934342,0.0155022213483183
"82",-0.0106239611822232,0.0196044889597228
"83",0.0138605270998669,-0.00146635413946305
"84",-0.0157629917200586,-0.014180784431307
"85",-0.0242900807589655,0.00754208950818814
"86",-0.00367073380460558,0.0150280949887839
"87",-0.013194663250118,0.0178512443794416
"88",0.000298217480036204,0.018588804126204
"89",0.0146602752093567,-0.00490577182911754
"90",-0.0141984813002599,-0.0146601866034074
"91",-0.00294992713046608,0.0179623340820098
"92",-0.0146512464431414,-0.0132179385427112
"93",-0.00112130700733011,-0.0195726983506408
"94",-0.00436878271836445,0.0113272065372057
"95",-0.0128067986664352,0.0185043677289539
"96",0.00716745522280464,0.00196820362843745
"97",-0.0137538251498834,-0.00332979352439511
"98",0.0112387856964497,0.0223218239226582
"99",-0.014328090559143,-0.0147583343822808
"100",-0.00789352709605787,0.00451929907727709
"101",0.0114662897404638,0.0234254892151491
"102",0.0283925676353229,-0.00742564478464835
"103",0.0049718483187799,-0.0121217640579203
"104",-0.0176242543853172,-0.00977761542955941
"105",0.00625028972832047,0.00114107475471452
"106",-0.00298200418649382,-0.0215715110936583
"107",0.0107013930370333,-2.9766960547235e-05
"108",-0.00230604458863716,0.0197628626671904
"109",-0.0124627392781573,0.0197994012977416
"110",0.0039530776066915,-0.0087477242088579
"111",0.00591466766419914,0.0205720882275604
"112",0.00787553794379895,0.0216304134750859
"113",-0.0103793588766458,0.0198091229976926
"114",-0.0215962173896846,0.00512477845990275
"115",-0.018040922734344,-0.00471794966342011
"116",-0.0194519138941801,0.0059429846077326
"117",-0.020425974495348,0.00168529854795827
"118",0.00222810864041905,-0.00566157786936396
"119",-0.0144026687413138,0.0177472227623867
"120",-0.00171514394933707,-0.0226539360587094
"121",0.00182743582558955,-0.0142128214148083
"122",0.000399219820126496,0.0209608709926866
"123",-0.0149503442213162,-0.00443902698564695
"124",-0.0142029521793173,-0.00344063354247311
"125",0.0132659253653419,0.0193306197820608
"126",-0.00711548562546126,-0.0149895020031821
"127",0.0302109214884886,-7.49091874299882e-05
"128",-0.0133015860516267,-0.00250923349489467
"129",-0.00253040438557889,-0.021003301379293
"130",-0.0119620894881549,-6.88119701165732e-05
"131",0.0340770961689101,-0.000103975581953242
"132",-0.00237900597335511,0.0226815554511459
"133",-0.022266222118774,0.00626024212543812
"134",-0.0157608281677245,-0.0137917584480756
"135",-0.000192916142146684,0.0217533464200045
"136",0.00320346743924386,-0.00500160291464655
"137",0.0219716187432848,-0.00820776112868408
"138",-0.013697647809769,0.0160009816059073
"139",-0.0129276632957174,-0.00688652716737684
"140",-0.0024357538264203,-0.0218052044924145
"141",0.032844866377152,0.000798168189338688
"142",-0.00258746898883286,0.0201393797548547
"143",-0.0214231961337831,0.00740087018317159
"144",-0.0138902459627393,-0.0155156709694682
"145",0.00240067463549697,0.0250806172716966
"146",0.00348382187294456,-0.00847666989584639
"147",0.0181074803529745,-0.0137463307176654
"148",-0.0141473184703892,0.0163980428170348
"149",-0.0158351394034467,-0.00631151180763423
"150",-0.00537098540221475,-0.0195254939968176
"151",0.0305584288426059,-0.0024844690148692
"152",-0.00207622986359426,0.0220026630563369
"153",-0.023933141658967,0.00204101086614975
"154",-0.0174838204872755,-0.0123934687388283
"155",0.00335545060498293,0.0244552408873161
"156",0.00311215477738756,0.000366663207210068
"157",0.0168496381002817,-0.00585126251300023
"158",-0.0135189361251838,0.0173034912358272
"159",-0.0147003898037179,-0.0035812985942046
"160",-0.00417417952823606,-0.0201434789232963
"161",0.0329007156888938,0.0054628060962586
"162",-0.00324563757377765,-0.0212726241229732
"163",0.0037462456707923,-0.00728246017121512
"164",0.00376179431779083,-0.000118859110976239
"165",0.0234965265374767,-0.00712134419074341
"166",0.0021053282122958,-0.00201622543374219
"167",0.0343349510928438,0.00433708068783876
"168",-0.00113920427724694,-0.0236055118100465
"169",-0.0134957911259761,-0.00583907254910345
"170",-0.00323714138832205,-0.0215528480419681
"171",-0.0167381968093394,-0.00263852921969099
"172",0.00383256535534907,0.0263497492880482
"173",-0.00324818838407384,0.0192793128598263
"174",-0.014969352296479,0.0159926455936716
"175",-0.0131986815303502,0.0183831420080055
"176",-0.0140534778262357,-0.0140341491704384
"177",0.00407294742741375,-0.00693604047189878
"178",-0.00252037776066202,0.021947283576021
"179",0.0341863927630978,-0.00061827790105095
"180",0.0300875632573336,0.0049728619678176
"181",-0.0199893252564384,0.00505086926488503
"182",-0.020457141679096,0.00621821862461067
"183",-0.013877029994382,0.0160517580067193
"184",-0.0124813300062424,-0.00738491573889914
"185",-0.025777822017824,0.0103806173953694
"186",0.0302649554002028,0.000409958186462168
"187",-0.00319659834149441,0.0158601064860485
"188",-0.0196433290834509,0.00233904823868796
"189",0.0191099267285609,-0.00430490341638449
"190",-0.0143346707685516,-0.015187199830082
"191",-0.0137721318987143,-0.0154562425823145
"192",-0.0151876455132398,0.0144115594297798
"193",-0.0170318682449933,-0.0131505196139166
"194",-0.011960540716783,-0.0161415597322452
"195",0.00723435250075332,0.0258298182192353
"196",0.0163403732841185,-0.00687910182881373
"197",0.0183275992564176,-0.00301980933966959
"198",0.0220954392103047,-0.00689164484080904
"199",0.00518054833047051,0.0266177017721758
"200",-0.00577848509571758,-0.0188309146183337
"201",-0.00220037934774618,0.0187484756549546
"202",0.00314739588914258,-0.0057992071315075
"203",0.0304284351364378,-0.00243496774005561
"204",-0.00576679694463406,-0.0185901363760907
"205",0.00382094846453307,0.000583624268173615
"206",-0.0241050284412483,0.00169131663847217
"207",-0.0169245429338177,-0.00532549938418564
"208",-0.0207689035039815,0.00619241139881895
"209",0.0300091771893178,0.00441259259149721
"210",0.0296064672459588,-0.00427166247439219
"211",-0.00291844310207247,0.0188387925140391
"212",-0.0126507274465436,0.00866146892742066
"213",0.0214370485660225,-0.00396170837003236
"214",-0.0154415946433574,-0.0140370822217036
"215",-0.0199902514070492,0.00696168265280947
"216",-0.00335879878950873,0.0185356483944876
"217",-0.0156267842259741,0.0132588820932808
"218",-0.0151768685131771,-0.0140113804142665
"219",-0.00210803004053126,0.0219374395725567
"220",-0.0139376127746238,-0.0152002412496064
"221",-0.00528701872823241,-0.0190590291393132
"222",-0.00341071068221576,0.015740717008932
"223",-0.0175866836994492,0.0147186637909713
"224",0.0193661641189621,-0.00624788574492025
"225",-0.0123049328175546,-0.00519502323865177
"226",0.00304047255828768,0.0261216912113626
"227",-0.0178820890242895,-0.0121609819749817
"228",-0.00308024062334702,0.0188188839291169
"229",0.00277905460346469,0.0256976354689432
"230",0.0329305519228664,-0.0015236351178744
"231",0.00261521281178786,-0.003451952193109
"232",-0.0216002445910718,-0.00953733669369996
"233",0.0186070810282335,-0.013524539044989
"234",-0.00469512023040076,-0.0202367367076216
"235",0.0244123111966173,-0.0132074587451412
"236",-0.00351420961226215,0.0165577658070606
"237",-0.0130202179477044,0.0184743612011781
"238",0.00275145670328627,-0.00311693497968588
"239",0.00579844754705204,0.0270443868226791
"240",0.00284858035931133,0.0249392721800352
"241",-0.0145002127954754,0.0144882909532521
"242",-0.0251371409653578,0.0117696999131382
"243",-0.0138325831847363,-0.00316494350455869
"244",-0.0238406354384679,0.0102756646134522
"245",-0.0184257945951827,0.00582150720310393
"246",0.00269909874369921,-0.00393846484086106
"247",0.00201154552071364,-0.00677321206842387
"248",0.00204339639422872,0.0231775052520688
"249",-0.0137936044290185,-0.00552575726983854
"250",-0.0130610933970565,-0.00502395927177843
"251",0.00229769987859073,0.0247006094422516
"252",-0.00609248251365059,-0.0184821740248747
"253",0.0299678105453865,-0.00135356158689163
"254",-0.0131392351873498,-0.00461644370799298
"255",-0.00670144925276415,-0.0182723350143946
"256",-0.016476202964324,-0.00490868983647745
"257",0.0356092624555769,0.00295428174871068
"258",-0.00931549614025615,0.00443888031804454
"259",-0.0237478467856802,0.00603711338252
"260",-0.00730937146707314,-0.0202520716369144
"261",0.00729847786298793,0.0216898341931085
"262",0.00763692447372565,-0.0182477077454341
"263",0.0253534346477877,-0.0116399667435863
"264",-0.016110408762926,0.0171013375472722
"265",-0.0164921988286521,-0.00773219265284816
"266",-0.0123217959356672,-0.000728595241151593
"267",0.032062064708132,-0.00312285723335293
"268",-0.00671272317338064,0.0122932182560565
"269",-0.0234964574758362,0.00691323934169515
"270",-0.00834694642210274,-0.0172605224044377
"271",0.00758925218021316,0.0216700613662449
"272",0.00348637499164438,-0.00657967856640736
"273",0.0231215943610414,-0.0110840647832734
"274",-0.0118636361989298,0.0186688418905053
"275",-0.0166837644697424,-0.00597159116990832
"276",-0.0107313523298373,0.00233360844148529
"277",0.0355181827609608,0.00124628517223794
"278",-0.0108390591329907,0.0074002026428635
"279",-0.0237811412853096,0.0080141120759086
"280",-0.0085539205358088,-0.0191694595693762
"281",0.00699184027238369,0.0208636405195618
"282",0.00891763372796638,-0.0157679839689779
"283",0.0245435920221255,-0.00701067419546986
"284",-0.0146201512443379,0.0196528348452878
"285",-0.0168337178198871,-0.00472731371161528
"286",-0.00420327531111496,-0.017648348075897
"287",0.0361486534196897,0.00335890215250969
"288",-0.00106900383824949,-0.0239566936558859
"289",0.00725333542816479,-0.0166245805631248
"290",0.00883072565421016,-0.0169553560995228
"291",0.0229300005835015,-0.00995319604289466
"292",0.00786397797872764,-0.0190180300466364
"293",0.0376370381247022,0.00584893067976113
"294",-0.00511904551759028,-0.0169129633933029
"295",-0.0140963345922717,-0.00692261455505411
"296",-0.00357694929543756,-0.0211865221749976
"297",-0.0150221243796635,-0.0069229407125922
"298",0.013269040907014,0.0207824496422659
"299",-0.00622696554887507,0.00289185405152534
"300",-0.0134187073713979,0.0171337843775084
"301",-0.013853597086129,0.0200700261004136
"302",-0.0091998148748766,-0.0164886849312347
"303",0.00853877589889937,-0.0173449788387743
"304",-0.0105199812540615,0.00503154896699995
"305",0.0365523636078908,0.00290776955031018
"306",0.0363467138001599,0.00339924384834164
"307",-0.0236504521390389,0.00822104850212259
"308",-0.0215267562842144,0.00695388289785235
"309",-0.015776268600942,0.0143787509044097
"310",-0.0180157687095158,-0.00751827982331811
"311",-0.0225283922613042,0.00653923928524346
"312",0.036113238438847,0.00238216839740631
"313",-0.00225971186522983,0.0183569350708816
"314",-0.0241784257087968,0.00807021249131946
"315",0.0246074376526276,-0.0119561697733929
"316",-0.0106820212274433,-0.0175635409332494
"317",-0.011076248396758,-0.0154004009114896
"318",-0.015521985361821,0.0186841332675557
"319",-0.00921055349981246,-0.0185552282452712
"320",-0.0097360551683406,-0.0177640059827272
"321",0.00995468151253509,0.0217122433235087
"322",0.0263620210079069,-0.0103095248268914
"323",0.0258654198415144,-0.0101987428255421
"324",0.0245316310792446,-0.0107698138481472
"325",0.0102852946156552,0.0214347499604172
"326",-0.0108257955379742,0.00156633276007744
"327",-0.00883516321354506,0.00375438905172785
"328",0.00221774548655393,-0.00511177990984602
"329",0.0337218267491065,-0.0012069967188671
"330",-0.0115816869302317,0.00187014836934122
"331",0.0091474362173018,-0.0168057863339868
"332",-0.0226894574939029,0.00724725191851942
"333",-0.015604863390265,-0.00889714462478183
"334",-0.0239569900282776,0.00894051042307119
"335",0.0366229540600345,0.00252706083996152
"336",0.0340534306311727,-0.000726674715417273
"337",-0.0100316353823871,0.00872930472252989
"338",-0.013067446600196,0.0188618586372422
"339",0.0206765274103186,-0.00690848833079647
"340",-0.00916441374220154,-0.0173351436982119
"341",-0.0220325320487965,0.00686842462109419
"342",-0.0102129687434128,0.00928577803640617
"343",-0.0135426036743563,0.0180887016392529
"344",0.00873169026752312,0.022292978727101
"345",0.0264389505631517,-0.0119440073516816
"346",-0.0114552838628683,-0.0155496751332698
"347",-0.0108243054671436,0.00477438207490732
"348",-0.0121769611643293,-0.0165043660674953
"349",-0.0110795475076018,0.00157029471129682
"350",-0.00831762173965522,0.00735154725252113
"351",-0.0139530235858727,0.0161867396440119
"352",0.0230705206904686,-0.0101526633809281
"353",-0.0136913440624381,-0.00605085153358856
"354",0.0145740626086618,0.0207137837842059
"355",-0.01189717834497,-0.0169312595804653
"356",-0.00957147847042754,0.00882318457826541
"357",0.000989398346654919,0.0202490069755681
"358",0.0325681352216382,-0.00283920231137672
"359",0.0122139808448571,-0.018954843037036
"360",-0.00934005452825277,-0.0195615195205977
"361",0.0245869791197519,-0.0103250239864319
"362",-0.010801526728129,0.00173356420236454
"363",0.026924661963035,-0.0101357534760027
"364",-0.00663761712768988,0.0031554658170673
"365",-0.0144493125762021,0.0176767270023657
"366",0.0070878176101176,-0.0135120174227425
"367",0.017206682813005,0.0184639477087078
"368",0.0105865015652395,0.0212046180017743
"369",-0.0139022372194592,0.0183405535047481
"370",-0.0233095348808965,0.00731955297108253
"371",-0.0151942891048589,-0.00741715186509913
"372",-0.0243318441790929,0.00913526897813321
"373",-0.0240538342389484,0.00769459336839826
"374",0.0104306435862207,-0.0178991426661528
"375",-0.0140871843322847,0.0175016818449796
"376",-0.000140435449493825,0.00907788587194161
"377",0.0021938709854442,-0.0027224494940973
"378",0.01032505170346,0.0214937552817596
"379",-0.0154503499207266,-0.0152138267838484
"380",-0.0157048973701812,-0.00747232263841711
"381",0.0124410049256297,0.0197725562700407
"382",0.000329523707743137,0.0109615425279284
"383",0.0335848828370395,-0.000819166229060543
"384",-0.016027533427821,-0.00553052196667684
"385",-0.0121085782926215,0.00162785693672407
"386",-0.0125114060741663,-0.015312455663552
"387",0.0309959787033058,-0.00349097385291699
"388",-0.00412127681049674,0.0157667196277854
"389",-0.0247880166009868,0.00542267332564345
"390",-0.0104459391356098,-0.0166430139414208
"391",0.00775746241931666,0.0256119124159469
"392",0.00478011218848351,-0.0161581250089245
"393",0.0181132216078708,-0.0135313049242775
"394",-0.0157674373777107,0.0127347435089469
"395",-0.018132172747832,-0.0078575620454701
"396",-0.00145481467769659,-0.0201661005361041
"397",0.0329115222401504,-0.000731799576733237
"398",-0.00869166904274042,0.00697548692207083
"399",-0.0266280119615524,0.00769226143743472
"400",-0.00622880071925056,-0.0225466378778997
"401",0.0107692155200334,0.0201831278098481
"402",0.00601799378670268,-0.0135685585808377
"403",0.0171731483588206,-0.0139696350907682
"404",-0.0146893055729381,0.0122866463601355
"405",-0.0149206658273657,-0.00619428711063053
"406",-0.00277352116525376,-0.0236476734935421
"407",0.0303083250210651,-0.00243201013289053
"408",-0.00586811464516764,0.0113450299144455
"409",-0.0240386287359562,0.00381372680995685
"410",0.00197268892675223,-0.0240677563057682
"411",0.00601088675082454,0.024409419235101
"412",0.00675393876922829,-0.0139838907320688
"413",0.0172474184829874,-0.0150970230208422
"414",-0.014124625700484,0.0127864833614456
"415",-0.019416767573851,-0.00884815203624684
"416",-0.00184536775108594,-0.0230033516816662
"417",0.0332227875267077,0.00331537317636414
"418",-0.00670980374243369,-0.0189182105606147
"419",0.00311790030067609,-0.0178378905916932
"420",0.00727005626957414,-0.0133388099267282
"421",0.0164187705333365,-0.0150319165863029
"422",0.00167436029177724,-0.0189591889371969
"423",0.0315854451168995,-0.00257465691384724
"424",-0.00681035441543891,-0.0188360918144336
"425",-0.0169934289851484,-0.00802128626547432
"426",-0.00355235596927722,-0.0214326880040993
"427",-0.0175614830924641,-0.00816211592960747
"428",0.00338470857239234,0.0233082918070162
"429",-0.00357842332681457,0.0156416699356414
"430",-0.0133942463628162,0.0102948742567268
"431",-0.0172723086111278,0.0146580673982226
"432",-0.00658600954999958,-0.0224708854487623
"433",0.00716489403799082,-0.014528551761273
"434",-0.00690558446795831,0.00929612197660515
"435",0.032916217861588,-0.00113667245207171
"436",0.0312410374053185,-0.00208173170727137
"437",-0.0267107393698896,0.00759430450987878
"438",-0.0233454164911114,0.000267147390426697
"439",-0.0144284645114949,0.0113294005356437
"440",-0.0185799018742651,-0.00686656437817273
"441",-0.0244915608949289,0.00284941618729339
"442",0.035909235004192,0.00220344087685898
"443",0.0271816426317312,0.0338463517864633
"444",-0.0266731885813417,0.0069322806615216
"445",0.0204274364755482,-0.0110097881827244
"446",-0.00725049459304004,-0.0218570150958985
"447",-0.00839231828159496,-0.0219353474525135
"448",-0.0131240481954033,0.0131996280249249
"449",-0.00539660273829424,-0.0231892804197528
"450",-0.0077808261566505,-0.0224232208534591
"451",0.00786940335695177,0.0228929315629267
"452",0.0171388261695035,-0.0147373662804577
"453",0.0169720902634096,-0.0133617929358306
"454",0.0171519755120511,-0.0148708761723763
"455",0.00661329170026455,0.0249157093135066
"456",-0.00386181441230903,-0.0204377040142591
"457",-0.00332248433572693,0.016056010307653
"458",0.00812022731598085,-0.0170469568741032
"459",0.0344171618351409,0.00479034465991569
"460",-0.00709888540564283,-0.0187204728616845
"461",0.00757461344959059,-0.0134225572373863
"462",-0.0253561707480883,0.00635630194028712
"463",-0.0170664161711043,-0.00750351600672179
"464",-0.022353210312212,0.00130015035346167
"465",0.0357455856675632,0.00117545281532814
"466",0.0321908824510728,-0.00214875264197072
"467",-0.00614188914207315,0.00949088255678612
"468",-0.0132263023676711,0.0131546006792093
"469",0.0146536156885042,-0.00583501180038077
"470",-0.00747951513630525,-0.0221412399789156
"471",-0.02206802833178,0.00255273719042377
"472",-0.00414691207859468,0.0125572083510015
"473",-0.0179148373644407,0.011576988763834
"474",0.00761742442354327,0.0238084023426469
"475",0.0171208634146394,-0.0150475551881664
"476",-0.00728539193584406,-0.0215500905456346
"477",-0.00314410662477738,0.0174199540573589
"478",-0.00915270005263602,-0.0209381051249782
"479",-0.00502060141229948,-0.0193562683488195
"480",-0.00938067614015413,0.00779676166406451
"481",-0.0126338140002539,0.00304744686560125
"482",0.0164227553578485,-0.0159462157718358
"483",-0.0147920972971219,-0.0111263958235406
"484",0.00938053560551396,0.0225371753906347
"485",-0.00856268116195617,-0.0201448496619693
"486",-0.00941635987218634,0.00751344698235964
"487",0.00564223083792777,0.0236836581465497
"488",0.0206728303994956,-0.0184895811296331
"489",0.00573008935990328,-0.0149596765227162
"490",-0.00653616150138277,-0.0220761164055799
"491",0.0165635540969007,-0.0143049311406779
"492",-0.00817675878440056,-0.0164308348306145
"493",-0.00611305329597045,-0.00384662092022868
"494",-0.00495853787709806,0.013807236958106
"495",-0.0136440394386333,0.0133218296923797
"496",0.00689964449695194,-0.013431456098935
"497",0.00678898291632995,0.0241466602435283
"498",0.00708392097295766,0.0247684588368836
"499",-0.0146261629575712,0.0128991518706097
"500",-0.023400032719336,0.00357881850247082
"501",-0.0154876574231864,-0.0117828719897937
"502",-0.024426372299807,0.00423803778223962
"503",-0.0192070774929478,0.00654346790853995
"504",-3.64321362607363e-06,-0.00489064178544367
"505",-0.0167318631624558,0.0130859329172491
"506",-0.004207066944903,-0.0197086639937033
"507",0.00960130851432648,-0.01376774669094
"508",0.00751102865980212,0.0241157125126532
"509",-0.0146171536748719,-0.00594040571953231
"510",-0.0155749866525176,-0.00624729480219583
"511",0.00688722349322839,0.0263981493078372
"512",-0.00494595733303613,-0.0212322117610823
"513",0.0353441286790089,0.00391986607119596
"514",-0.0161515506879671,-0.00836110113992465
"515",-0.00514604779281151,-0.0199891498159064
"516",-0.0179207034946376,-0.00760534597728913
"517",0.0348597626444579,0.0028395643603286
"518",0.0271183688542757,0.0333819133425252
"519",-0.0263501059172921,0.00659540798314733
"520",-0.0141790844009991,-0.0166600319856879
"521",0.0065801116959596,0.0205285899190453
"522",0.0118543132912626,-0.0171472366404796
"523",0.0142379924283819,-0.00529631574168079
"524",-0.0128067954189923,0.00753124136331467
"525",-0.0115691392628547,-0.00459880664180129
"526",-0.0145443570247776,-0.0148357673186226
"527",0.036671706259755,0.00399065283879971
"528",0.0272540968205334,0.0343934318815874
"529",-0.0223184827623085,0.000976219633792175
"530",-0.0162970714108039,-0.0141641984960121
"531",0.00133282549246651,0.0193763222768382
"532",0.0122982195272048,-0.0185194548448919
"533",0.0163762205604205,-0.00818633184995008
"534",-0.0120132532278427,0.0188609865308072
"535",-0.0113250493589956,-0.00634635467162064
"536",-0.00832604125198407,-0.0174236283235871
"537",0.036309583614334,0.00456967784269155
"538",0.0272206126333026,0.0338755755598712
"539",-0.0239442170949825,0.00217714529816062
"540",-0.0187301270313949,-0.0108125981231768
"541",0.0132735949627441,0.0172501969188104
"542",0.0104483002500711,-0.0176016566325666
"543",0.0167424741051246,-0.00659402489000673
"544",-0.0162677670642029,0.0145747151364168
"545",-0.0118420305207566,-0.00765191984299148
"546",-0.0117916473087047,-0.017932000256467
"547",0.0355976743929806,0.00436254783448051
"548",-0.0144347566630373,-0.00451579034035527
"549",0.00792992214649929,-0.0157783231905054
"550",0.0116079368603891,-0.0190523651093403
"551",0.0115094243605171,-0.00379873181391115
"552",0.0113431296971389,-0.0185594208344212
"553",0.0361151791537273,0.00271163421305107
"554",-0.00323673859242959,-0.0218736636740209
"555",-0.011950923450932,-0.00469263689952414
"556",-0.013896340413684,-0.0158848347443888
"557",-0.0103999717539054,-0.00777012307251133
"558",0.0108371527086513,0.0196091283859488
"559",0.0268825783196086,0.0340154654434348
"560",-0.012651040638048,0.0178202371065824
"561",-0.0139205981917548,0.0191136986864212
"562",-0.0151659663769788,-0.0155706421721925
"563",0.0116208219868919,-0.01781718184221
"564",0.0274241170125974,0.0337961684574602
"565",0.0350457491553263,0.00229718325013065
"566",0.0365803911338207,0.00142162028250217
"567",-0.0243611801349184,-0.000303205904490514
"568",-0.0244747710742206,0.00164420796961136
"569",-0.0120640394517177,0.0145335608632679
"570",-0.00984845466849458,-0.00960047310050065
"571",-0.0252776484275911,0.00321914086581964
"572",0.035935270773526,0.00356008932597601
"573",0.0275296771581286,0.0343866696775579
"574",-0.0247119944160477,0.00161182427992598
"575",0.0092190237870367,-0.00237447725244406
"576",-0.0146255032585169,-0.0163519633183262
"577",-0.0147314695057123,-0.0170070537685399
"578",-0.0153655422105739,0.015516627054989
"579",-0.0157696127109894,-0.0148744017249102
"580",-0.0154802569514036,-0.0147608776517148
"581",0.0113435548723538,0.0195968634269038
"582",0.0131536295371033,-0.00548898687450845
"583",0.0131018654467801,-0.00484071064419564
"584",0.0141045611409377,-0.00742985394377541
"585",0.00355206216796405,0.0197020675627439
"586",-0.00618320978786899,-0.019411517086663
"587",0.0278499641549577,0.0343258001051873
"588",0.0108827935753699,-0.0174714692012797
"589",0.032063226435713,-0.00316099109651482
"590",-0.00411033971472817,-0.0199017699634485
"591",0.0129200778618893,-0.0181314739723086
"592",-0.0255820436710813,0.00406761859032758
"593",-0.00937004226227019,-0.00836449537358221
"594",-0.024113005500432,0.00608440916175034
"595",0.0369763193938027,0.00351346172123299
"596",0.0358792215293119,0.00484142424784911
"597",0.0268575683015613,0.0334083047072698
"598",-0.0121892195655931,0.017481658235812
"599",0.0124078845022107,-0.00540039522161194
"600",-0.0151147701816469,-0.0164793485676051
"601",-0.0238532710146238,0.00666431280648464
"602",0.0276699224289955,0.0339612976563371
"603",-0.0115983737192873,0.0198957049038815
"604",0.00748891098311149,0.0208252398060664
"605",0.00687432722315767,-0.00127281118176815
"606",-0.0161599899718463,-0.0145379196140902
"607",0.0273322561285319,0.0337476820085551
"608",-0.0168129157863794,-0.0126286947167058
"609",-0.0133503906798682,-0.0165645042376915
"610",0.0278195831014464,0.0340029068409863
"611",-0.012776388708224,0.0168201904878944
"612",0.0140956783413577,-0.00593931731114472
"613",-0.0106882410286057,-0.00705401156567319
"614",0.0105593780901328,0.0199885912937655
"615",-0.0148568808466559,-0.0145413234441791
"616",-0.00908390708401088,0.00217116279521784
"617",0.00898140930294217,0.0201317162648407
"618",0.0373780766751442,0.00544567927446766
"619",0.0112560329451119,-0.0190990278227481
"620",-0.0158557656611698,-0.0139863080246599
"621",0.0144319432797843,-0.00481491570543218
"622",-0.013209851966308,-0.0165018752722705
"623",0.0111672766080558,-0.0027392843306392
"624",0.0274421267421384,0.033268757198035
"625",-0.0124112820490425,0.0190834206055035
"626",0.0111065674793419,-0.0168064960778716
"627",0.0116645743861483,0.018543892203586
"628",0.0122852694554504,0.020423850180743
"629",-0.0131743300802607,0.015409992488171
"630",-0.0246898496643253,0.0017258029664217
"631",-0.0130832129872662,-0.00579778998022328
"632",-0.0242004042591317,0.00612977814461866
"633",-0.0249588604367419,0.00157104400111648
"634",0.0119162597658863,-0.0172092733583354
"635",-0.0133606021937453,0.0193423402471991
"636",-0.00325304091262565,-0.0220481164905304
"637",0.0126487957952615,-0.0181240554517792
"638",0.00670384065278311,0.021318794238816
"639",-0.0113687088451071,-0.00527037447513725
"640",-0.0096994408424318,-0.00771316270022658
"641",0.00644568727307662,0.0203979286833913
"642",-0.00504614556514062,-0.01928756989126
"643",0.0360769960417485,0.00349330902903676
"644",-0.0101740507293249,-0.00745615904767627
"645",-0.00155640520860048,-0.0238263134411363
"646",-0.0112175470135556,-0.00543391503966556
"647",0.0345256491736554,0.00494602449352604
"648",-0.00947070509035539,0.00356867696304411
"649",-0.0205758222092973,0.0043587104738234
"650",-0.00959164377040289,-0.0163913410353649
"651",0.00414600783609586,0.0246709661621692
"652",0.0124956226368704,-0.0133011665353843
"653",0.0258073386413035,-0.00968354352851174
"654",-0.0106392200505403,0.0200323868847822
"655",-0.0149433546648692,-0.00840423187861004
"656",0.001511656002687,0.0102568550405334
"657",0.0383901770516683,0.00881129033542862
"658",-0.00650151775704694,0.00337370428207984
"659",-0.0201080019677199,0.00444261861710018
"660",-0.00944524175437903,-0.0167869430903789
"661",0.00480626799730232,0.0240834273818353
"662",0.00232322909493359,-0.00613427469065365
"663",0.0266319003970127,-0.0103606955622143
"664",-0.0156230824386628,0.0150417795095472
"665",-0.0149300257612348,-0.00644013813019878
"666",0.0015319227501205,0.0136344433690608
"667",0.0332764649533785,0.00494436466406175
"668",-0.00325866836393982,0.00290335488831145
"669",-0.0220833072382195,0.00533790760199394
"670",-0.00968070625593749,-0.016329613227015
"671",0.00275707614754471,0.0227522280439912
"672",0.00260408842788121,-0.00591316863022797
"673",0.0255845064469947,-0.00981912648874503
"674",-0.0150248177987557,0.0192521715792864
"675",-0.0150649826359911,-0.00908863734945815
"676",0.00189936655975351,0.0123409481435588
"677",0.0340566144839617,-0.000841581667074706
"678",0.00192591601454345,0.014306243471602
"679",0.0120167186970197,-0.00971279618515659
"680",0.000617296229755319,-0.00350958425425432
"681",0.0234905215800639,-0.00791311517956996
"682",0.00300396945354963,-0.00569448819838624
"683",0.0323086212788062,-0.00118343886752586
"684",-0.00479140895808352,0.0122216129387357
"685",-0.016364152356423,-0.0055317014952346
"686",0.0020289350549692,0.0131282253928859
"687",-0.0153601399534865,-0.00692699397342043
"688",0.0015982595761533,0.0228362882607572
"689",-0.00845287826110711,0.00514601733343179
"690",-0.0135190112099638,0.0202704264689423
"691",-0.0134958309433431,0.0208986565381487
"692",-0.0147482713278908,-0.0126413872348358
"693",0.00129133786229462,-0.00474831067356169
"694",-0.00824029018270107,0.00493569899699724
"695",0.0325133404038185,0.00401823842907017
"696",0.0355248515799235,0.00398781403054567
"697",-0.0244249431213365,0.000584149096651428
"698",-0.0217068489581343,0.00307491494301487
"699",-0.0140840806931296,0.012020282316739
"700",-0.0159613559002066,-0.0054307811852256
"701",-0.0232514299415207,-0.00163434343243741
"702",0.0313837006531509,0.00548808492765001
"703",-0.0110515083967207,0.00601304530844481
"704",-0.0235965261976761,-0.000691488745498154
"705",0.0243884367621558,-0.00703434218510332
"706",-0.0103034945607231,-0.0173221320171167
"707",-0.0100971805350619,-0.0162813994259887
"708",-0.0156766572940832,0.0145717717951053
"709",-0.0107029989647405,-0.0165604034028817
"710",-0.00988325096017995,-0.01718725907967
"711",0.000396789108232875,0.0218084779123732
"712",0.0268771564579579,-0.0114005756750059
"713",0.02491734084606,-0.0113805042131778
"714",0.0275480049644343,-0.0115387831465472
"715",0.00508936853283504,0.0249590159510601
"716",0.00142045536890089,0.0123097737405557
"717",-0.00724231583470986,0.00405128040552429
"718",0.010449955826856,-0.0118174385768864
"719",0.0326374621617908,0.00615960985246212
"720",0.00190979064731208,0.0137901326288852
"721",0.0108560528705992,-0.0120758592510769
"722",-0.0227975341849862,0.00119285960137693
"723",-0.0169215657096575,-0.00922931867654419
"724",-0.0196485430377635,0.00401419285301472
"725",0.0338124088130936,0.00528754957133917
"726",0.0329615762422174,-0.00070525992253761
"727",-0.01023807091334,0.0061125442932105
"728",-0.0142261127978658,0.0156199879323361
"729",0.0258064722579887,-0.0110560114588224
"730",-0.0107968601380512,-0.0156343454020326
"731",-0.024109279944068,0.011670100174401
"732",-0.00876583279803313,0.00242099099522984
"733",-0.013598168306911,0.0202938885392417
"734",0.00497908078336799,0.0240193182929199
"735",0.0192051010063267,-0.00361269685922069
"736",-0.0102162470130075,-0.0166839050400356
"737",-0.00854927640594137,0.00197432972003738
"738",-0.00875355426340602,-0.0174094211564472
"739",0.00128429392068229,0.0132965120953058
"740",-0.00801138016079878,0.00327452517180024
"741",-0.0145032593201902,0.0145818699916232
"742",0.0267369508663846,-0.0113298780203877
"743",-0.0172980006675455,-0.00459524685075342
"744",0.00719744324976493,0.020966862627389
"745",-0.00886929689938478,-0.0171726124877143
"746",-0.00775883591671795,0.00382710421239105
"747",-0.00592480952413797,0.0191238511211716
"748",0.0338379182560666,0.00311687850336165
"749",0.0078791520707325,-0.0144243412703121
"750",-0.0105404280535954,-0.0159826110183862
"751",0.018806190045339,-0.00461369488244149
"752",0.00237280884676493,0.0144213420288137
"753",0.019288016934076,-0.00441789861955412
"754",-0.00900140287087946,0.00405921157104316
"755",-0.0139990224078964,0.0161281655499165
"756",0.000533559223336214,-0.0033246462094281
"757",0.0130027397956045,0.0175185675463376
"758",-0.00092059191617636,0.0209075258517065
"759",-0.0140335071906415,0.0182728926222895
"760",-0.0212530081788943,0.00323714640598899
"761",-0.0137361688104811,-0.00482944692381659
"762",-0.021886570959281,0.00295028078119362
"763",-0.020747183500743,0.00414019483205507
"764",-0.000685417452499293,-0.0022875128975179
"765",-0.0132008172764469,0.0192012440219693
"766",0.000250939841532963,0.0124961171840412
"767",0.00243877690435694,-0.000409493880115363
"768",0.0133357348903601,0.01736235091852
"769",-0.0166139418244509,-0.00903152116909395
"770",-0.0182874042280483,-0.00431562811662421
"771",-0.00205390818908925,0.0203750197731429
"772",0.00193138749291326,0.0114102056018621
"773",0.0347041201190612,0.00508685142901288
"774",-0.0144939364853057,-0.00842635157313313
"775",-0.00326963391529954,0.0104566547586424
"776",-0.0157804339917277,-0.00518195598927032
"777",0.0376276150329428,0.00471699422742135
"778",-0.0077769058166125,0.00981677517752383
"779",-0.0231311991618594,0.00795574516119423
"780",-0.00917289493518028,-0.016226432776214
"781",0.0121111399706532,0.011570564115737
"782",0.00385481534059593,-0.00698326799758294
"783",0.0193531164976195,-0.0174677396842846
"784",-0.0149799298405836,0.0163151920479191
"785",-0.0205066282281118,-0.00458940521499043
"786",-0.00326395010249231,-0.0215785662479027
"787",0.0373520005719562,0.00331041965391663
"788",-0.0145217158490263,0.00773764736575126
"789",-0.0234955726521607,0.00790404240704748
"790",-0.00995699201095324,-0.0171221711430254
"791",0.0137953380809214,0.0100731017196937
"792",0.00322910619219319,-0.00121206271319742
"793",0.0194548321515947,-0.0190513131200564
"794",-0.0128160722313638,0.0164067201207
"795",-0.00311139760361606,0.0133035423270767
"796",-0.00301267681175468,-0.0223934957404765
"797",0.0368746182364048,0.00408035791612098
"798",-0.0102746669511319,0.00591570047538323
"799",-0.0240712129730449,0.0110851643034018
"800",-0.00970786771571313,-0.0183938209254956
"801",0.013304033958539,0.0149041918771856
"802",0.00119879675974736,-0.00151409088570432
"803",0.0127629339812012,-0.0182137582514087
"804",-0.014582237325679,0.0130376142062258
"805",-0.0158514213880917,-0.00556487183105645
"806",-0.00108250706207188,-0.0236601796667573
"807",0.0362289610246515,0.00336499249840934
"808",-0.0036856527924768,-0.0220529479540968
"809",0.00325826986876964,-0.00800013547915832
"810",-0.00145266091242862,-0.00111511088507301
"811",0.0215979210331839,-0.0159672364589319
"812",0.00349606407934901,-0.00585489687706593
"813",0.0365929358582716,0.00375042179137841
"814",-0.0128518278845907,-0.0182620916258859
"815",-0.0188486767737142,-0.00614266385159992
"816",-0.00482776616912611,-0.0197581415813657
"817",-0.0191050778125293,-0.00498351365771454
"818",0.0157695484240648,0.0185160451688103
"819",-0.00759377601951833,0.00470815419902845
"820",-0.0143212554036654,0.0139728921568029
"821",-0.0150490834560642,0.0157604716131411
"822",-0.0104176487244484,-0.0177526762459479
"823",0.00151271850273496,-0.0060045821643263
"824",-0.010825708530482,0.00194270611138799
"825",0.0318099138451558,-0.00417324376433824
"826",0.034022244321737,-0.00131568252392183
"827",-0.0212275957591716,0.00668705004788753
"828",-0.0256071600081619,0.0122424520173024
"829",-0.0163549713284261,0.00890210532401163
"830",-0.0201307377017756,-0.00433444673958971
"831",-0.0233206513414803,0.0103395712840743
"832",0.0359641519742514,0.00593710282731012
"833",0.0257753923443427,0.0347202014521668
"834",-0.0218976969130591,0.0023361142826692
"835",0.0154899937172588,-0.00949904868635867
"836",-0.011005338060526,-0.0167412799253605
"837",-0.0112207002960322,-0.0155609098273605
"838",-0.0146817791846801,0.0125268946859369
"839",-0.012312489062301,-0.0150398609354696
"840",-0.0131767026955378,-0.0143612665505291
"841",0.0138313292212365,0.0151708247647766
"842",0.0167295015768787,-0.0130126147875863
"843",0.0224313996929119,-0.0149303234668987
"844",0.0198187267254068,-0.0183639967739513
"845",0.0129924314371489,0.0123190426339556
"846",-0.00166348116560949,-0.0229530990690942
"847",-0.0108563704414552,0.00415224037545992
"848",0.00271501074086419,-0.00837803491693713
"849",0.0329193520373898,0.0035502127030089
"850",-0.0056551763784711,-0.0193282620647198
"851",0.00146617309127852,-0.00708395886412513
"852",-0.0246724160242043,0.0120646506698658
"853",-0.0168402275882263,-0.0057974316642627
"854",-0.0243539500426436,0.0123742336262911
"855",0.0302288763659164,0.0078698583308922
"856",0.0357308987891089,0.00157599610595105
"857",-0.00616058796929686,0.00393740921448275
"858",-0.0151152308398151,0.0146227778991678
"859",0.0219866646640237,-0.0111538350176757
"860",-0.0114965190264455,-0.016449271060848
"861",-0.0234718791192218,0.0001236691935262
"862",-0.00928696884337973,0.0043814799281689
"863",-0.0158075029707046,0.0169148345193798
"864",0.0171201313350339,0.0217705629737923
"865",0.0165231565158846,-0.0172972278189384
"866",-0.00938788100922645,-0.0178532042749523
"867",-0.00740632064286607,0.00546423971158768
"868",-0.00959588325444698,-0.0180108172729651
"869",-0.00281224828253916,-0.0218992253128455
"870",-0.00736704026298958,0.00616715886694998
"871",-0.0148971972610018,0.0125974287537621
"872",0.0204010481750041,-0.0136313766119424
"873",-0.0199659448726762,-0.00539391300196435
"874",0.013820738691362,0.014551375634945
"875",-0.0098554578820434,-0.0177055890261844
"876",-0.0090277216978169,0.00655351880770746
"877",0.0167295688547623,0.0171359489137237
"878",0.0353324381337329,0.0012497378408459
"879",0.0044382260288379,-0.00859404477990921
"880",-0.0112418379275165,-0.0160896792415218
"881",0.0178696758319102,-0.00695032429541222
"882",-0.000939362249344555,-0.0241465041042198
"883",0.0246045023224308,-0.00918460985268019
"884",-0.00976765530019055,0.00496765825191037
"885",-0.0139920502129873,0.0158542386954193
"886",0.0013734685231923,-0.00240239248132893
"887",0.0131819299328844,0.0146955465140813
"888",0.0155102806869939,0.0143128915513978
"889",-0.0144607710910576,0.0131003753587072
"890",-0.0249587834386843,0.0126007963928775
"891",-0.0164807923457655,0.000383985390232077
"892",-0.0241357965845605,-0.00448843030773469
"893",-0.0211580161070565,0.00462334715922287
"894",0.00420890234758832,-0.00976757445921136
"895",-0.0126536494189828,0.0082863911330367
"896",-0.00399732145589275,-0.0209282189198094
"897",0.00180935797349461,-0.00182908871044248
"898",0.0136131779987075,0.0135858271124433
"899",-0.0189243243480778,-0.00281998541038814
"900",-0.00740896406033791,-0.0239562378890516
"901",0.0183777199694081,0.0197315633818731
"902",-0.00790792892977792,-0.0197593470461957
"903",0.0336295245401823,0.00311202129093257
"904",-0.0179922794366148,-0.00278456254180996
"905",-0.00262230407574565,-0.0206547972770793
"906",-0.019674913323448,-0.00327295711319413
"907",0.0261799138239142,0.034275784557118
"908",-0.0236762060294318,0.00642469109203957
"909",-0.00364382918331485,-0.0240023896852805
"910",0.0157727033540931,0.021312793893166
"911",0.0108320119092166,-0.0166190107834985
"912",0.0276400216099372,-0.0110586734499757
"913",-0.0145443879770461,0.0210593410909965
"914",-0.0150149524739729,-0.00804716135726249
"915",-0.00309821070347647,-0.0227563104224736
"916",0.0366514510763086,0.00365423333574821
"917",0.0259719609014191,0.0340164603613783
"918",-0.0243114941632259,0.00833102428894108
"919",-0.00728025341810595,-0.0209600975839312
"920",0.0156275834916864,0.0226149620626511
"921",0.0109095681878712,-0.0205890024740341
"922",0.0255207204275868,-0.00978758159334335
"923",-0.0137271429002789,0.0195078571568522
"924",-0.0161002210711837,-0.00904586582127331
"925",-0.00341396808727278,-0.0215112420163008
"926",0.0369081362720212,0.00326809694317852
"927",0.0262671816641448,0.0346811981250322
"928",-0.0241826919315728,0.00589381802707931
"929",-0.00726508968304443,-0.021567386894857
"930",0.0112820096317355,0.0248649116458727
"931",0.00843110607864859,-0.0213657990542354
"932",0.0264844265588641,-0.0117724596621109
"933",-0.014997987368554,0.0196608248854828
"934",-0.0157327084577032,-0.00883224504023253
"935",-0.00293511592214385,-0.0216498033982323
"936",0.0343206099678442,0.000558331306556602
"937",-0.00382369263340865,-0.0196173876579057
"938",0.00849947957730556,-0.0205041393613692
"939",0.00923071050067199,-0.0183889604777367
"940",0.0222528802601501,-0.00952541119587179
"941",0.00918589051483663,-0.0207128847420523
"942",0.0374943651590104,0.00378727483643986
"943",-0.003680605428404,-0.0212184482460084
"944",-0.0153596865315417,-0.00914356916643837
"945",-0.00236143717645657,-0.0215954222273975
"946",-0.017179741562117,-0.00832955183208505
"947",0.00789558738236312,0.0231054407843328
"948",0.0279798969002049,0.0340640548650423
"949",-0.012312415323853,0.0202985923914902
"950",-0.0140730341848554,0.0212820068115458
"951",-0.00666481568241518,-0.0209317232178096
"952",0.00734000699480538,-0.0215440509195372
"953",0.0271695309729196,0.0337578326367119
"954",-0.0235743385966291,0.00401805931698554
"955",-0.0135963730691627,0.021276281729169
"956",-0.0157351025746443,-0.00949937213300177
"957",-0.0278187250595505,0.00896079202646367
"958",0.0361357365200225,0.00175894474602996
"959",0.0269787252837199,0.0335931940306098
"960",-0.0260348054710681,0.00616555891531925
"961",0.0273552578608795,-0.0107194773933267
"962",-0.00769778167820407,-0.0207888909055282
"963",-0.00803056674817521,-0.0199193697509743
"964",-0.0140261197120849,0.0212289617671892
"965",-0.00216291243577829,-0.0247223330071445
"966",-0.000272580923683551,-0.0229077945369654
"967",0.00990497553869055,0.0248490144055493
"968",0.0212604147546951,-0.00957158472730954
"969",0.0243123692820814,-0.0105842298761349
"970",0.0269837066571148,-0.0109563998077865
"971",0.0111750569608562,0.0246380346133355
"972",-0.00233329024894578,-0.0230944561889323
"973",0.0276810267900974,0.0334993569040421
"974",0.00935961442047311,-0.0190891560579986
"975",0.0371233289580084,0.00395910685778151
"976",-0.00277020186956302,-0.0224833110636702
"977",0.00744048360533728,-0.019792336157391
"978",-0.026196585888081,0.00770214744144153
"979",-0.0158050711410719,-0.00894948927529075
"980",-0.0262922605000832,0.00730716208643596
"981",0.0372870531634607,0.00440114086883519
"982",0.0355048461551236,0.000914777201859043
"983",0.0277060478387921,0.0342481263800154
"984",-0.01409366362954,0.0170286305040905
"985",0.0257561870862037,-0.0109579600778619
"986",-0.00239735538547802,-0.0246948047349004
"987",-0.0237160572759703,0.00346740782024725
"988",0.0264352085110598,0.03449024984624
"989",0.0204762344001506,0.022827870347977
"990",0.02200754913783,-0.0089609919888369
"991",-0.00572293616459334,-0.023259198024246
"992",0.0271797074393804,0.0338418108744591
"993",-7.97483284775098e-05,-0.0243500428860282
"994",-0.00387891056705317,-0.0224284417790456
"995",0.0275933722768335,0.0334955657380732
"996",-0.0142301046548942,0.0214835832374691
"997",0.0230773435038111,-0.010532243771291
"998",-0.0184164081856959,-0.0070217590059585
"999",0.00974365578458245,0.025199695928447
"1000",-0.00944148949882754,-0.0192737656305796
"1001",0.028348775596919,0.0342896198516185
"1002",0.012669369219907,0.0244861919942009
"1003",0.0360546671814914,0.00328508421580457
"1004",0.00739473981506369,-0.0160210928893768
"1005",-0.00123012788230455,-0.0237410767939539
"1006",0.0256163484844763,-0.0109575951935519
"1007",-0.000446063591018126,-0.0215055751622539
"1008",0.0233319795081594,-0.0125276745322447
"1009",0.0271545317773681,0.0337181054849162
"1010",-0.015558899586172,0.0206794428111877
"1011",0.00890919094443939,-0.0207459796569047
"1012",0.014847204226531,0.0228626661626429
"1013",0.00674758581544004,0.024271697140235
"1014",-0.0135587080220056,0.0199169847915595
"1015",-0.0259143755010804,0.00447880360897404
"1016",-0.0149597346071588,-0.0102458994028041
"1017",-0.0272381083647463,0.00832705562716903
"1018",-0.0248283950144079,0.00592900164816262
"1019",0.00902490025675351,-0.0210200867091268
"1020",-0.0151883149399771,0.0190778266537416
"1021",-0.00272749925670636,-0.0201462690578528
"1022",0.0107870251871564,-0.0184020726536051
"1023",0.00385381610823143,0.0242243908882353
"1024",0.00318313808030173,0.0220715105029249
"1025",-0.00631317043334343,-0.0187094584554688
"1026",0.0367978289416094,0.00416464595334285
"1027",-0.0180117113441477,-0.0077629937804644
"1028",-0.00241944221402193,-0.0212197970438313
"1029",-0.0151760755605881,-0.00845166891272046
"1030",0.0363235963739178,0.00278510118619027
"1031",-0.00872659351490864,0.00486327795142346
"1032",-0.0240780670395435,0.00712674394323292
"1033",-0.00946452284742326,-0.0193902179390209
"1034",0.00364985762197925,0.0232301618577811
"1035",0.00179886883480437,-0.00579387884515236
"1036",0.0259182324747498,-0.0108182478895578
"1037",-0.0129633659652521,0.0179387727264617
"1038",-0.0170520792901538,-0.00454222220555135
"1039",-0.00923217216876616,-0.0197565172944708
"1040",0.0326128721617617,-0.00131608357473933
"1041",-0.00916138033046603,0.00394880524345572
"1042",-0.0218680596506391,0.00529349004678581
"1043",-0.00855430722546694,-0.020023628916093
"1044",0.00443693462014492,0.0240825240424266
"1045",0.00400917494164152,-0.00976815944012128
"1046",0.0233600690678326,-0.0144412889351581
"1047",-0.0128605393072756,0.0193749550994366
"1048",-0.0173123602970246,-0.00568008481713539
"1049",-0.00557273190370664,-0.0179830983102314
"1050",0.0331303154832767,5.01031625106972e-05
"1051",-0.00689264001386581,0.0089166794482861
"1052",-0.0265061301861077,0.00687792876938269
"1053",-0.0103148129322495,-0.0175584909314287
"1054",0.00530471748640701,0.0234343961615523
"1055",0.0100990407997131,-0.0170638898156865
"1056",0.0240505489572979,-0.0103464999210762
"1057",-0.0122387738323265,0.0140891495552065
"1058",-0.0180412559497666,-0.00795675869592792
"1059",-0.00209584031575404,-0.0182733798582022
"1060",0.0353311629852623,0.00133306944072972
"1061",-0.0029652804617183,-0.0174962870620822
"1062",0.00393151917549747,-0.00776470208545702
"1063",0.00154640310998897,-0.00569480937149016
"1064",0.0205887773401748,-0.00793395043764563
"1065",0.00243939444154906,-0.00567495037755043
"1066",0.0317061655030058,-0.001985615542654
"1067",-0.0052031338909593,-0.0181625381749705
"1068",-0.0187518384162514,-0.00906348282571301
"1069",-0.00364369422892352,-0.018101304315017
"1070",-0.0136635585290365,-0.00577445859125861
"1071",0.0061158559897432,0.0243890996585753
"1072",-0.0102431394209666,0.00292263757315455
"1073",-0.0122057923531028,0.0200028085467708
"1074",-0.0128362527646037,0.0197419797232544
"1075",-0.0122978159886801,-0.0157370664763798
"1076",0.00688256717021994,-0.0131296455284955
"1077",-0.00814028152364247,0.00503105496993041
"1078",0.0332040033927146,0.00132458757728671
"1079",0.0339282173803049,0.00123319523658423
"1080",-0.012356737969707,0.0178702387612041
"1081",-0.0164677870483797,-0.00528714527876289
"1082",-0.0259204672722188,0.0068198310331993
"1083",0.0366250561331052,0.00255879143964017
"1084",-0.00659782377498916,0.00353219165019902
"1085",-0.0263592776980056,0.00664104383752738
"1086",0.0159143309760986,-0.00528958436470822
"1087",-0.00949656853104291,-0.0186945040634828
"1088",-0.0118766305092175,-0.0158242305228647
"1089",-0.01241882237357,0.0205526241001056
"1090",-0.00936855423673328,-0.0191043605208518
"1091",-0.0105438853020983,-0.0174371357465886
"1092",0.00255097129237197,0.0218263232624128
"1093",0.0230679913031676,-0.00567975738404461
"1094",0.0242439192110811,-0.011640667156172
"1095",0.0212648564067691,-0.00929623696051309
"1096",-0.00047571948247119,0.0165843641040009
"1097",-0.00512660445853925,-0.0176656352568818
"1098",-0.00687409503822861,0.00942178983690042
"1099",0.00886604079590746,-0.0128707678685802
"1100",0.0349893042542448,0.00152080387687789
"1101",-0.0190657506080978,-0.00853593070115451
"1102",0.000605755440703903,-0.00386830952672666
"1103",-0.0270064308614188,0.00757189137453228
"1104",-0.0192154735246087,-0.00809907708310435
"1105",-0.0256619189725241,0.00746637995928669
"1106",0.0360427335619076,0.0017770715068234
"1107",0.0356717893666674,0.00136952779354248
"1108",-0.00684301917877819,0.00426532215998509
"1109",-0.0124800801783599,0.0180566628318304
"1110",0.0168104249596661,-0.00287292654281014
"1111",-0.00886433071020097,-0.0190647704115292
"1112",-0.0251871761816028,0.00582265361233115
"1113",-0.00709451270969641,0.0099468078163441
"1114",-0.0129933750806723,0.0202341390295137
"1115",0.00323482068360759,0.0226083939987139
"1116",0.02397283626837,-0.00881942695315683
"1117",-0.00930405045928177,-0.018398638440117
"1118",-0.0106290994575325,0.00464746226574252
"1119",-0.018268094427432,0.00146226410755479
"1120",-0.00506280438030798,-0.0178188936954874
"1121",-0.0103695587354187,0.00485062417948697
"1122",-0.0124812662880881,0.0189203405027512
"1123",0.0250211287456092,-0.011776503929636
"1124",-0.0185606118945078,-0.00746306218796807
"1125",0.000444012123459072,0.0207495195140505
"1126",-0.00912927710130725,-0.0192841509742382
"1127",-0.00749133542559543,0.00415220304296332
"1128",0.00868227529049105,0.0215955331360654
"1129",0.0361985922164745,0.00273341891977165
"1130",0.00526525639429468,-0.0100078933225155
"1131",-0.00971026161723183,-0.0173194215465149
"1132",0.0107931857070098,0.000823314734608177
"1133",-0.00582460389227851,-0.0167294762109623
"1134",0.025126500952332,-0.0118692365129126
"1135",-0.00748298828618565,0.00504963091174353
"1136",-0.012817708674314,0.0191916111746754
"1137",0.00950858322340578,-0.0131995981518265
"1138",0.0135990797135234,0.0212024913517299
"1139",0.00393794448970554,0.0231438890323005
"1140",-0.0128888967479093,0.0173062931903467
"1141",-0.0255019496718192,0.00515320991500146
"1142",-0.0177187811379864,-0.00583690917169391
"1143",-0.0222702846189158,0.00600423625669837
"1144",-0.0265421573134001,0.00811005901401038
"1145",0.00162928256882209,-0.00536757938603469
"1146",-0.0122852504128883,0.0193021167191684
"1147",-0.00871616088206337,-0.0168299843103034
"1148",0.00711151481099676,-0.0108461433506968
"1149",0.0114540794827758,0.0213639433457329
"1150",-0.020669307189239,-0.010863609369533
"1151",-0.0133827484696632,-0.00786528589298264
"1152",0.00018704108153057,0.0210386455481724
"1153",-0.00694862828265212,-0.0169356537115535
"1154",0.0339263105723772,0.000796789955160493
"1155",-0.0173894757404473,-0.0060297201498463
"1156",-0.00783720719360857,-0.0139214653218387
"1157",-0.0180859821371666,-0.00690466691896752
"1158",0.0355126913095793,0.0025467381578774
"1159",-0.00384586022942174,0.0115609808533926
"1160",-0.02356893223068,0.00857864931421565
"1161",-0.00845392016635981,-0.0192222364135575
"1162",0.0141804934678318,0.0200173234430432
"1163",0.00946943102090947,-0.0144169521214628
"1164",0.0260374552839716,-0.012430122119081
"1165",-0.0116694411626354,0.0171544934122246
"1166",-0.0157236851324894,-0.00888217554081271
"1167",-0.00525978681437721,-0.0200039369030522
"1168",0.0360120669008336,0.00183681891867604
"1169",-0.00343493586633974,0.0135077789993839
"1170",-0.0235821462868971,0.00587902340430928
"1171",-0.0124379176450016,-0.0152372183460674
"1172",0.0164148904140189,0.0224226634005426
"1173",0.00971376623114074,-0.0145538522943731
"1174",0.0133398143902103,-0.00327430802931011
"1175",-0.0162845252867043,0.0169095307166571
"1176",-0.015257454605676,-0.00316309782237937
"1177",-0.00224400266918681,-0.0230246583842624
"1178",0.0341194870793449,-0.00244018980176753
"1179",-0.00464360907580061,0.00804055710420595
"1180",-0.0221201561649479,0.00541453597159877
"1181",-0.0112048375806469,-0.0182525792429687
"1182",0.00952837081373201,0.0188589591425701
"1183",0.00231890500030743,-0.00164181104433018
"1184",0.022722167926429,-0.00949820073772468
"1185",-0.0156496286174241,0.0130686072330831
"1186",-0.0141549306764264,-0.00384396993653319
"1187",-0.00569600739695437,-0.0189540427461727
"1188",0.0382769221233714,0.00903932020579777
"1189",-0.00462662493774419,-0.0195374347310323
"1190",0.00770568590305221,-0.0136076398161302
"1191",0.00568733093905081,-0.0109079637762156
"1192",0.022307735561012,-0.0101261390872477
"1193",0.00275557961396853,-0.00583722897662162
"1194",0.0368070514109388,0.00576136699378446
"1195",-0.00479448943856011,-0.0167645198170418
"1196",-0.0157164298401928,-0.00510047472699598
"1197",-0.00332413610120414,-0.0188992700734739
"1198",-0.0141581120105235,-0.00422142018255457
"1199",0.015989612065268,0.0228879354774912
"1200",-0.0108249741688061,0.0033513540900591
"1201",-0.0123633560397629,0.0173336519932982
"1202",-0.0120990245931188,0.0187218021888463
"1203",-0.0175640045878749,-0.00969599755119149
"1204",0.0105109385374435,-0.0123809551844368
"1205",-0.00441041874613958,0.0107750058374441
"1206",0.0369350127152262,0.005776980255302
"1207",0.037063332642811,0.00624213113741661
"1208",-0.0242908825542009,0.00359259597293572
"1209",-0.0210046935761453,0.00501648706520485
"1210",-0.0112343633607811,0.0199433923089038
"1211",-0.0185673590319389,-0.0047237649532322
"1212",-0.0237706134356538,0.00923827189826449
"1213",0.0377094931448127,0.00796828165922543
"1214",-0.00591236670606803,0.00985731537136173
"1215",-0.0242454264775155,0.00637191598468689
"1216",0.0159550244911028,-0.0157803092576019
"1217",-0.0116959668198746,-0.0171461001480464
"1218",-0.0130017292047471,-0.01474112853856
"1219",-0.0117989997852591,0.0160531241329661
"1220",-0.0157613551554394,-0.0139635940551336
"1221",-0.0134142810616917,-0.0162622817969275
"1222",0.0181236947778828,0.0196567602827652
"1223",0.0235475365472349,-0.0119721722145966
"1224",0.0172964751282006,-0.00865233437895272
"1225",0.0170448970931823,-0.0069904872191128
"1226",0.0126674291516289,0.0205258569138759
"1227",-0.00472550408062479,-0.0193001764038712
"1228",-0.00722418277928791,0.00350803948035873
"1229",0.00129176989249397,-0.00438569406051411
"1230",0.0382989951851172,0.00892156979768883
"1231",-0.00448650116616468,-0.0183422021241619
"1232",0.00854263717967291,-0.0143924311783405
"1233",-0.0239490993432766,0.00661567870248225
"1234",-0.0163863536385635,-0.00574796553296907
"1235",-0.0243465731317721,0.00254711391860816
"1236",0.0389986285492073,0.00905864023688732
"1237",0.0379592944118114,0.0072982194757688
"1238",-0.00810891501491292,0.00922473913315735
"1239",-0.012276379414739,0.0171756099772725
"1240",0.0235042310414507,-0.0115629531735527
"1241",-0.0148036056141786,-0.0134927180155168
"1242",-0.02406046951324,0.00761255658214612
"1243",-0.00429414347871658,0.010554671650775
"1244",-0.0125218288159545,0.0155112534266172
"1245",0.0142089082151501,0.0200930030231035
"1246",0.0233070659659514,-0.0124303988278806
"1247",-0.0133363996587568,-0.0145591241250676
"1248",-0.00769054892139626,0.00509017349523618
"1249",-0.00953143155881126,-0.0178183123045048
"1250",-0.00455254004814528,-0.0189541793786788
"1251",-0.00767071160037533,0.00431663055151328
"1252",-0.0124434093533815,0.0186812246401612
"1253",0.0235580085640599,-0.0123653084268095
"1254",-0.0161830077971401,-0.00646501410487221
"1255",0.0148662113546537,0.0187057366127277
"1256",-0.0101707915667918,-0.0176370776803223
"1257",-0.00628400404808163,0.00396921465171212
"1258",0.0148825031638993,0.0202285558506965
"1259",0.029998725757609,-0.00720247329464127
"1260",0.0029933865763665,-0.00145003967232599
"1261",-0.0146647161951411,-0.0136930704011628
"1262",0.0161563475765815,-0.00933977455128087
"1263",-0.00405523407321989,-0.0196220022467684
"1264",0.0219662398971203,-0.012647529823964
"1265",-0.00385731158628117,0.00361801919458874
"1266",-0.0118358040483151,0.0140820503232799
"1267",0.00282736187321488,-0.00254765194500885
"1268",0.0165516043582689,0.0202315916652333
"1269",0.0132940621000306,0.0215232265833379
"1270",-0.0159004431448904,0.0128373441753852
"1271",-0.0251358694447413,0.0102382459696283
"1272",-0.0188947898440277,-0.00463101907879481
"1273",-0.0237822724858107,0.00911611319052165
"1274",-0.0240724583659249,0.00667489486903698
"1275",0.00260794549108729,-0.00127703334948462
"1276",-0.0152842591521749,0.0167647600758949
"1277",-0.0045623223850332,-0.0187395465022897
"1278",0.00311468118414913,-0.00533380985287759
"1279",0.0155942081044523,0.0197854504187904
"1280",-0.0134472869601839,-0.00189519338599254
"1281",-0.0143179580948166,-0.00472251996284583
"1282",0.00755839438530071,0.0198193816395012
"1283",-0.00292628967769903,-0.0204953672790712
"1284",0.0382713763205956,0.00931761350562405
"1285",-0.0141055838947457,-0.00519884661896341
"1286",-0.00394733196282379,-0.017712696821348
"1287",-0.0155450251708144,-0.00498808899767739
"1288",0.0349513748170768,0.00130522142869819
"1289",-0.0107350601599687,0.00705586752103635
"1290",-0.0261585399291088,0.00593581050859428
"1291",-0.0111627045371582,-0.0166395566023678
"1292",0.0193959750294838,0.0217319864883386
"1293",0.0104631371328133,-0.0166910857616532
"1294",0.021695550967431,-0.0125610182712061
"1295",-0.0128246054926815,0.0168905858291832
"1296",-0.0165843843423336,-0.00418523809345792
"1297",-0.00221725416924965,-0.022571810915368
"1298",0.0330326794808506,0.000746806561606914
"1299",-0.00299533610814801,0.0109071642600767
"1300",-0.0274033960200649,0.00979757956508332
"1301",-0.0128379909154127,-0.0156703092472802
"1302",0.0200916944006018,0.022536330486277
"1303",0.00932134042910048,-0.0153264944326174
"1304",0.0231394360144431,-0.0108973320371372
"1305",-0.0154642020513937,0.0168196450451507
"1306",-0.016707459444622,-0.00373172406397577
"1307",-0.00346154978314222,-0.0204179562907473
"1308",0.0332330668755333,0.000718792030547839
"1309",-0.00218293331044105,0.0219882800250049
"1310",-0.0250973941005161,0.00453762431674727
"1311",-0.00701149813161759,-0.0215918398815669
"1312",0.0201538755248238,0.0226573633030689
"1313",0.00906213913124482,-0.0119935093492787
"1314",0.0235187541447883,-0.0130715241592484
"1315",-0.0147101062234978,0.0172703480177665
"1316",-0.0139787464468922,-0.0045262605874123
"1317",-0.00348724356988824,-0.0197470897890058
"1318",0.0352264498083036,-3.970087888004e-05
"1319",-0.00394259139971373,-0.0208528812025881
"1320",0.00732403706609272,-0.0130762813823313
"1321",0.00542554296418725,-0.0130172562448681
"1322",0.0224107856175839,-0.0132197540486022
"1323",0.00674170641084209,-0.0136663867302465
"1324",0.0296045540644912,0.00835220190364148
"1325",-0.00504974430492717,-0.0200736582904918
"1326",-0.014267398733327,-0.00524799200401943
"1327",-0.00785389608587954,-0.0170367527337724
"1328",-0.0163194601426002,-0.00344286323984177
"1329",0.0192439334658614,0.0212295794254516
"1330",-0.00546396175416584,0.00893513564236027
"1331",-0.0152391854662921,0.0168921435475639
"1332",-0.0136711774470649,0.0186060045808606
"1333",-0.00917880336652919,-0.0182409864804445
"1334",0.00776733566230274,-0.0136042061325325
"1335",-0.00712440918549011,0.010297862549617
"1336",0.0330963243100742,0.00294845245139196
"1337",0.0322610291782863,0.00327450782966057
"1338",-0.0257925270657669,0.00762428742438471
"1339",-0.0272626063862406,0.00951620312667004
"1340",-0.0140362881189707,0.0163837965024664
"1341",-0.0158939297057777,-0.00378560938686483
"1342",-0.0278865533080087,0.012308888552615
"1343",0.0363664412586273,0.00504524318131083
"1344",-0.00350250944944603,0.0144456386668296
"1345",-0.0262574926952112,0.0081882974573094
"1346",0.0149531478523006,-0.015049402761185
"1347",-0.0115358685227849,-0.0157946190264615
"1348",-0.0105590642906836,-0.0172040899269654
"1349",-0.0123694338919835,0.0125895887373271
"1350",-0.0100041619078901,-0.0179845922377463
"1351",-0.00948178164811759,-0.0192814075318262
"1352",0.0190527303882755,0.0221500639326488
"1353",0.0125691453335254,-0.0166636427831155
"1354",0.0160659986953818,-0.0162264497819818
"1355",0.0163529705939913,-0.0136457123664411
"1356",0.0162649910606151,0.0209747916221224
"1357",-0.0012621307866824,-0.0237844849730541
"1358",-0.00847485372839672,0.00793207928334939
"1359",0.00928044654923378,-0.0137655550493779
"1360",0.0353251776959858,0.00207600524773319
"1361",-0.00433327966101811,-0.0203353870083367
"1362",0.0130348996464735,-0.00997979357946933
"1363",-0.0263524047202944,0.00554559922597837
"1364",-0.0178613523360966,-0.00443407246509473
"1365",-0.0276309624342255,0.0117065543446155
"1366",0.0365048610660687,0.00291794090797863
"1367",0.0340933285419487,0.00290154020926493
"1368",-0.00339088236533166,0.0128539811420924
"1369",-0.0116710050199972,0.0182098007863476
"1370",0.0207379529425185,-0.0132483919109632
"1371",-0.00997237149684705,-0.0178914825897044
"1372",-0.025849268633779,0.00567711443393681
"1373",-0.0104303876122327,0.00900515438228815
"1374",-0.0155337961185665,0.013791862842012
"1375",0.016196507733102,0.0209137403498646
"1376",0.023738270385138,-0.0130417011611338
"1377",-0.013830241891422,-0.0140815729837475
"1378",-0.00717903589865226,0.0109307097140531
"1379",-0.00850861475020173,-0.0190624782929028
"1380",-0.00224238243001587,-0.0211361047130071
"1381",-0.0071646832448117,0.00901023153159114
"1382",-0.0129715146246875,0.0178491961038576
"1383",0.0232082820247071,-0.0123644841365867
"1384",-0.0156942973426568,-0.00569598023435109
"1385",0.0198524358333213,0.0221008543687056
"1386",-0.00973027301221376,-0.0181722219499665
"1387",-0.0071076436065077,0.00665849480930372
"1388",0.014168953775968,0.0186096738990039
"1389",0.0333167191118279,0.00169095688152923
"1390",0.00562115321498764,-0.0107929990401066
"1391",-0.00941332586929263,-0.0185702111854163
"1392",0.0196628442743147,-0.0157359138817376
"1393",-0.00374579642743633,-0.0208044127752044
"1394",0.0170442630095811,-0.0158670120384534
"1395",-0.00582202061877106,0.00643170202113387
"1396",-0.0121874876297046,0.0186113147048472
"1397",0.00640256290070684,-0.0120953912873666
"1398",0.0169547352801981,0.0201627247852926
"1399",0.016526908798783,0.0197271521450757
"1400",-0.0147569111449221,0.0132288718307066
"1401",-0.0263212052290704,0.00787525020325072
"1402",-0.0137186171611512,-0.00619839355338401
"1403",-0.0265981398381895,0.00772060672799208
"1404",-0.0259933744317273,0.00673210532472277
"1405",0.0102459274673168,-0.0139273895825356
"1406",-0.0121692425386855,0.0194812116598853
"1407",-0.0039647044746963,-0.0192073461953226
"1408",0.00681923769524355,-0.0133684162667258
"1409",0.0158463762439609,0.018148898392989
"1410",-0.0161511199189593,-0.00280137744386188
"1411",-0.016305752089605,-0.00396576039873062
"1412",0.0163597627499081,0.0214847245332878
"1413",-0.00447601782312922,-0.0214269679114553
"1414",0.0302718677856957,0.00618381147511516
"1415",-0.0152319030777701,-0.00468825599750966
"1416",0.036938614908915,0.00330543883540779
"1417",-0.00502987173226522,0.0126779724017058
"1418",-0.0225480571332598,0.00406718067888609
"1419",-0.0070921065337407,-0.0215457837302615
"1420",0.00638079860598343,0.020174194260299
"1421",0.011264055477257,-0.0168334566634529
"1422",0.0228475510490779,-0.0133176108507346
"1423",-0.0142550169217488,0.0208925129563612
"1424",-0.0178641166620311,-0.00782925592670429
"1425",-0.00344072927302977,-0.021469848330889
"1426",0.0333539756294951,-0.0012509583814888
"1427",-0.00394776436810443,0.0157434436661762
"1428",-0.0241234843242004,0.00496173564800853
"1429",-0.0063855067271894,-0.0220207551241742
"1430",0.0135369419092003,0.0162662266921467
"1431",0.010930218322382,-0.0181453867154354
"1432",0.0237658920484066,-0.0140012619030882
"1433",-0.0137612180719106,0.021591355465415
"1434",-0.0185316614106474,-0.00696533138072247
"1435",-0.00312251433050786,-0.0201889429954648
"1436",0.0374299762813058,0.00393149516537493
"1437",-0.0034697010335978,0.0162927248873957
"1438",-0.0241191630179154,0.00520949230375105
"1439",-0.00845235742040691,-0.0193381317811556
"1440",0.00988166926392979,0.0185868888944683
"1441",0.0064502796067211,-0.0188811689800573
"1442",0.0252713027304345,-0.0128282842897526
"1443",-0.0138193120318846,0.0201724973113768
"1444",-0.0182131757918428,-0.00681845001208739
"1445",-0.00267349595530401,-0.0223172646734277
"1446",0.0337502407439008,-0.000329681130908544
"1447",-0.003146019233149,-0.0212007487975317
"1448",0.0105977049835028,-0.0183557817662343
"1449",0.0107325745647859,-0.0176972820859779
"1450",0.0179564237714654,-0.00973467849082787
"1451",0.0109616886466604,-0.0178524349353837
"1452",0.03403685838753,-0.00115241798185475
"1453",-0.0033787573215149,-0.0200999494259766
"1454",-0.0182879468470861,-0.00849852681759411
"1455",-0.0020657999192702,-0.0214056034413917
"1456",-0.0176196723156596,-0.00787990035153387
"1457",0.014768707097921,0.0165123434697978
"1458",-0.0029129765619242,0.0227194540018125
"1459",-0.0148028760129749,0.0168163392166758
"1460",-0.0147875950689611,0.0174247375770528
"1461",-0.0104401603814841,-0.0175343518523576
"1462",0.00964097306399292,-0.0193835777424632
"1463",-0.00263489126329137,0.0230500873826709
"1464",0.0345401149047714,0.000288101136680654
"1465",0.0347842431486933,0.000472693337763121
"1466",-0.0254502930168034,0.00604290432591317
"1467",-0.0239126590903328,0.00444394823931862
"1468",-0.0139782295294132,0.0204753045019048
"1469",-0.019307305104246,-0.00373755644952178
"1470",-0.0248101900063833,0.00535303984526861
"1471",0.0360831476545951,0.000320274889323885
"1472",-0.0042597669288221,0.0182790791485393
"1473",-0.0241958153830886,0.00489628672503179
"1474",0.0246292253974281,-0.0137406489041267
"1475",-0.00779338757790145,-0.0206570741301529
"1476",-0.00793842789142313,-0.0213262801646704
"1477",-0.013816136843038,0.0197122984910564
"1478",-0.00645655508664163,-0.0216244209253233
"1479",-0.00870809829379278,-0.0188232771574965
"1480",0.012311405636045,0.0175163680222299
"1481",0.025107078756588,-0.0107252488217527
"1482",0.0260534889580543,-0.0103656869805694
"1483",0.0217746278002654,-0.00901865064163237
"1484",0.0125770473836135,0.0169161878875311
"1485",-0.00179803113165571,-0.0225159192744993
"1486",-0.00436161948564552,0.0181180246011242
"1487",0.0108610873134515,-0.0177590521467063
"1488",0.0342190227339603,-0.000842615677103627
"1489",-0.00201939533009682,-0.0223625288328823
"1490",0.00918599540862126,-0.0145977279383505
"1491",-0.0242431546094153,0.00568749353883249
"1492",-0.0186017704937067,-0.00799468391242484
"1493",-0.0245898635412253,0.00537185402158278
"1494",0.0338132063812088,-0.00148043113358595
"1495",0.0357194761998379,0.000987661166691555
"1496",-0.00331262429604601,0.0216394125003259
"1497",-0.0151748594236566,0.0159686804013148
"1498",0.0228422250808383,-0.0143707176485204
"1499",-0.00730276570043014,-0.0195661842468117
"1500",-0.0254531761965019,0.0103660925794297
"1501",-0.00542712027062037,0.0130220765997181
"1502",-0.015077587126503,0.0139623267912578
"1503",0.0134567977123197,0.0165202961900863
"1504",0.0227247953279885,-0.0134872301460484
"1505",-0.00972208237663895,-0.0167983469859785
"1506",-0.00338905864869559,0.016810045691749
"1507",-0.0105280120399813,-0.0189057329142077
"1508",-0.00366786009260187,-0.0202796787591688
"1509",-0.00393575879937244,0.0209619330945032
"1510",-0.0146261005581324,0.0172665373592706
"1511",0.0213747378240553,-0.0115280458943095
"1512",-0.0190778573970455,-0.00642754699664021
"1513",0.010785579911635,0.0189230777902019
"1514",-0.00964965737479711,-0.0198903493620484
"1515",-0.00240402980207183,0.0233229911800034
"1516",0.0110072186129225,0.0183843778753653
"1517",0.0351899704721898,0.000170285748872073
"1518",0.0103385965137147,-0.0197040240206674
"1519",-0.00900941768686589,-0.0181935078956049
"1520",0.0217859414813187,-0.0120848540848799
"1521",-0.00214357156880967,-0.0230878729246955
"1522",0.0220074671787254,-0.0100138538966013
"1523",-0.00352690411486992,0.0172928948903061
"1524",-0.0144485814784862,0.0191909471817174
"1525",0.00923575193293,-0.0212602465741068
"1526",0.0135379635628727,0.0169540366131918
"1527",0.00275834559160572,0.0194822785775313
"1528",-0.0145697576037477,0.0211082908976658
"1529",-0.024902447706957,0.00567588770185575
"1530",-0.0197724197654497,-0.00522120210832574
"1531",-0.0253067714002257,0.00468714298122662
"1532",-0.0243458262732322,0.00517569428863573
"1533",0.0104876728533862,-0.0162986371293325
"1534",-0.0136128053094948,0.0209063028284956
"1535",-0.00346471214499509,-0.0211792616080217
"1536",0.00903475337604793,-0.0152055010264791
"1537",0.011971958049791,0.0169574647287336
"1538",-0.0205045085339138,-0.00589963576493762
"1539",-0.0210673069811348,-0.00615342552922084
"1540",0.0136527366287428,0.0141250242954154
"1541",-0.00311331139404464,-0.0183714780039051
"1542",0.034825298756852,0.000393643114457676
"1543",-0.0198580892455473,-0.00473296032185426
"1544",-0.00355967094880269,-0.0202475492574287
"1545",-0.0200638060246723,-0.00746618187756084
"1546",0.0319750567687732,0.00369859015393852
"1547",-0.00574344419742438,0.0079415123611669
"1548",-0.0229337377801267,0.00564496918521134
"1549",-0.0116951045778662,-0.0156517089530482
"1550",0.00665179039335649,0.0211930613163336
"1551",-0.000878445690401059,-0.00108898379993169
"1552",0.0211475199244106,-0.0126361507199662
"1553",-0.0134044433823739,0.00452809405183712
"1554",-0.00404692510908027,0.00836377237505558
"1555",0.00131381516025725,0.0104795931094396
"1556",0.0308999831911222,0.00317515493394932
"1557",-0.00664699832734278,0.004982229418883
"1558",-0.0266571281833293,0.0093395002260172
"1559",-0.0158008237008074,-0.0132808414307274
"1560",0.00829606964142011,0.0216829265781455
"1561",-0.00411980830529616,-0.000356908033941022
"1562",0.018763524861115,-0.0130845849527435
"1563",-0.00103591046764996,0.000243957653939447
"1564",0.0333653926925031,0.00352208391158094
"1565",-0.0081768773854752,0.00385815175672473
"1566",-0.0261084208981445,0.00668998014681447
"1567",-0.0128573733379638,-0.0153098089746761
"1568",0.00394812828086837,0.0207474229821862
"1569",0.00121390826143005,-0.00536552001472529
"1570",0.0140167137375977,-0.00189802184113431
"1571",-0.0131745775808078,0.0056405730092492
"1572",-0.012491216466782,-0.00161685142972835
"1573",0.000871376635840257,0.00569604396939001
"1574",0.0249532356678131,0.0113902643819457
"1575",-0.000409502947818402,0.00590820405358462
"1576",-0.00178299763766033,-0.00241282257459224
"1577",0.00384480931189643,-6.09858518719179e-05
"1578",0.0171709453300329,-0.0128211698657623
"1579",-0.00303062013221369,-0.000710223323805918
"1580",0.0344896267069161,0.00224618398135493
"1581",-0.0103369454955893,0.00244186410067769
"1582",-0.0142652169681599,-0.00342684842226745
"1583",-0.00379538479759856,-0.00148042510487801
"1584",-0.0125642812479886,-0.0050046838242104
"1585",0.0110198361700589,0.0207235836853933
"1586",-0.00636813365073578,0.0131234179975261
"1587",-0.0136079124197928,0.0182292397665109
"1588",-0.0129678649748635,0.0152983751868331
"1589",-0.0182937933480711,-0.0097399755716144
"1590",0.004397421148822,0.000813836569880548
"1591",-0.00562393473475677,0.00765317997840344
"1592",0.0284657697579341,0.00812781680126722
"1593",0.0358662063349973,0.00287697712373449
"1594",-0.0274452175658398,0.012810184000049
"1595",-0.0240276934814357,0.00476435256038321
"1596",-0.0134798283268989,0.0158326563939345
"1597",-0.0153756529937337,-0.00407781331809139
"1598",-0.0276899926484175,0.0128919447626133
"1599",0.0315509148590493,0.00318156511902455
"1600",-0.00970669418252326,0.0028915818872687
"1601",-0.0209915518731257,0.00476222556072765
"1602",0.0210627549895812,-0.0124355992256756
"1603",-0.0170078168258955,-0.0102412291868196
"1604",-0.0177782303973813,-0.010048096647438
"1605",-0.0137394686224895,0.0157981224331388
"1606",-0.0208418022679309,-0.00427000848589502
"1607",-0.0175131033889748,-0.00990938926309985
"1608",0.00241208134558809,0.0198974221130764
"1609",0.0177106736816871,-0.00723455685204639
"1610",0.0163821391991798,-0.00629779799647675
"1611",0.0196915068195773,-0.0120691201571315
"1612",-0.0148359958365457,0.000903925405916372
"1613",0.000429235093503608,0.00713899900915001
"1614",-0.0068539270200295,0.00737788719121359
"1615",-0.000331077421056083,-0.00164873325840692
"1616",0.0288860965396606,0.00733965098158537
"1617",-0.00161740112417402,-0.0226614473154885
"1618",0.00745944882333521,-0.0130377238224677
"1619",-0.0275450651527058,0.0116012087824417
"1620",-0.0136537904793457,-0.0045426410373712
"1621",0.0372803099274636,0.00309890348568286
"1622",-0.00591591251964929,0.0084324733370361
"1623",-0.0129818461336578,0.017324196922509
"1624",0.0206474488065474,-0.013027505896064
"1625",-0.0124148384104228,-0.0153466279330736
"1626",-0.0231034155950419,0.00810069554528469
"1627",-0.00552657890935987,0.0107695348594974
"1628",-0.0147580979222635,0.0132290981770682
"1629",-0.0131901983370054,0.00206466297913438
"1630",0.0186077776286176,-0.00794767618617469
"1631",-0.0123339745546086,-0.0157338524051459
"1632",-0.00684838413334283,0.0126976026549626
"1633",-0.00910413119786045,-0.0189801594448308
"1634",-0.00909491801494361,0.000572965829780295
"1635",-0.00678226125232814,0.0087956093185543
"1636",-0.012468881035557,0.0148719636652456
"1637",0.0229214700361298,-0.0116964263216135
"1638",-0.0128554321707756,-0.00427242695092905
"1639",0.0123819308536291,0.0202740653343032
"1640",-0.0112303242000469,-0.0160711392200272
"1641",-0.00671957002924665,0.0125757815746898
"1642",0.00865019386362404,0.0221211266849546
"1643",0.0301269522362084,0.00710781474048103
"1644",0.000144151730966664,-0.0030231570641535
"1645",-0.0114112072780526,-0.0159518101732501
"1646",0.0165312975295896,-0.00470924629313489
"1647",-0.00364810584407225,-0.0215549563363106
"1648",0.0135357419118181,-0.0106071993251942
"1649",-0.00743620042501349,0.0125238002976914
"1650",-0.0105798734941137,0.0170023776916253
"1651",0.00429458894333146,-0.00649210660554748
"1652",0.00839867341607425,0.0220688402476372
"1653",0.0015764557336163,0.0198561675294581
"1654",-0.0130055195719296,0.0186846095275637
"1655",-0.0209954767709776,0.00320386363309089
"1656",-0.0252430821207942,0.00486126437747168
"1657",-0.00187425677115772,-0.00109869357549635
"1658",-0.0125265833214227,0.0165978024641153
"1659",-0.00892271570162569,-0.0192840914396406
"1660",0.000252448898189688,-0.00343417189857589
"1661",-0.0139669728759554,0.000467846283094164
"1662",0.00981944128856952,0.0211832325001928
"1663",-0.00226813283655218,-0.00250815691768397
"1664",0.0358762803475631,0.00383995377177735
"1665",-0.0141310347804562,-0.00391284345760144
"1666",-0.0100982742918716,0.00206081936739023
"1667",-0.0157381419463602,-0.00272653790517514
"1668",0.0329956726613556,-0.00210392154747901
"1669",-0.00486191349194355,0.00343578603647244
"1670",-0.0241136045159033,0.0025866010943418
"1671",-0.00789469667686034,-0.0157793445866417
"1672",0.00867701621562353,0.0245721788506026
"1673",0.0126261784432273,-0.0159540310565806
"1674",0.014781491451114,-0.00196490160909232
"1675",-0.011723566460963,0.019449996304241
"1676",-0.0127714598715887,-0.00904907949728941
"1677",-0.0032092011407305,-0.021720223573942
"1678",0.0310253990816513,-0.00294659168716154
"1679",-0.00778742459211868,0.00435296850520388
"1680",-0.0198724329991452,0.00263989367727472
"1681",-0.0157296046589933,-0.0122981492549384
"1682",0.0143731232576367,0.0213619311764901
"1683",0.0116051288101066,-0.0141574402036459
"1684",0.0211965884430456,-0.0135698760185577
"1685",-0.0135123800395327,0.0183720890232076
"1686",-0.0161581721844236,-0.00522286809856168
"1687",-0.00476251448903017,-0.0189812583425658
"1688",0.0275299393800962,-0.00532199537278051
"1689",-0.00847276291581597,0.00207437874663004
"1690",-0.0224114834822436,0.00447323887741966
"1691",-0.00868604157959463,-0.0133379873294307
"1692",0.0142966627769899,0.02078254153136
"1693",0.0132238878721714,-0.014773585899593
"1694",0.0179718669879976,-0.0051710972076126
"1695",-0.0115537610203901,0.0182729021280269
"1696",-0.0117416328472022,-0.00961926514734173
"1697",-0.0017770539766368,-0.0210077440075381
"1698",0.0361882985499261,0.00279706433105805
"1699",-0.0042384427157426,-0.019103724786362
"1700",0.00742890178548571,-0.0136519640522224
"1701",0.00917958764374415,-0.0153959327561299
"1702",0.0199752568189871,-0.00612716863574805
"1703",0.00681554366820291,-0.0129128677736751
"1704",0.0324823014059197,0.00499832255436457
"1705",-0.00299216213511192,-0.0195857902924788
"1706",-0.0140622003561518,-0.00860549821509396
"1707",-0.00369679927867832,-0.0198237988353711
"1708",-0.0168831508114746,-0.00565676499634101
"1709",0.0117400170747378,0.0201563623421258
"1710",-0.00673415908634191,0.00263398367219646
"1711",-0.0139048197333075,0.020329417496836
"1712",-0.0145546683345694,0.015755147562624
"1713",-0.0174995162705562,-0.0106342524972064
"1714",0.012708031562296,-0.0149886885210347
"1715",-0.0110807616622804,0.00190911839543299
"1716",0.0321044107990848,-0.00230277899554384
"1717",0.0365766907358184,0.00335061606583352
"1718",-0.0260639488199368,0.0108137724976541
"1719",-0.0233937217056289,0.00469996791480896
"1720",-0.012246566169951,0.0184610417350088
"1721",-0.0171856378302442,-0.00604948058207791
"1722",-0.0251087818430858,0.0111756538300133
"1723",0.0319459402872413,0.00327056419656473
"1724",-0.00940062041333973,0.000992646524622524
"1725",-0.023367079390608,0.00444316220976156
"1726",0.0200920250446455,-0.0113370450873723
"1727",-0.0169745786963634,-0.011692635149977
"1728",-0.0190953503164338,-0.0105755971647697
"1729",-0.0142902043366337,0.0178321171554915
"1730",-0.00794418181396022,-0.0189213922503013
"1731",-0.0174815633827381,-0.011570247706037
"1732",0.0120945076053609,0.0220120435226873
"1733",0.0109710941972227,-0.000114706405634294
"1734",0.020014660871466,-0.00656440659971256
"1735",0.0232751158747307,-0.00539547092802263
"1736",0.013156083463461,0.0247284076429468
"1737",-0.00430254889228423,-0.0201008070163036
"1738",-0.0100709368615324,0.00287103783472002
"1739",0.0121317991347913,-0.0172310227367276
"1740",0.0313409193383818,-0.00208558325555498
"1741",-0.00503028168276055,-0.0195142800161611
"1742",0.0139695757237752,-0.0152966220341719
"1743",-0.0238447006684967,0.00568569732062663
"1744",-0.0123028277260966,-0.00903231264304873
"1745",-0.0221438697172938,0.00544152556754515
"1746",0.0336320165746014,-0.000918426508610636
"1747",0.0287150764970659,-0.00478850057181633
"1748",-0.00897358477190102,0.00466206545201121
"1749",-0.0144633718729717,0.0170629287462099
"1750",0.0109263901521837,-0.00032174687123118
"1751",-0.0160372915766641,-0.0119306005152719
"1752",-0.0231752879851509,0.00548026191995085
"1753",-0.0105316617852476,0.00608339771518093
"1754",-0.0141568294381174,0.016953969905016
"1755",0.0137571470763221,0.0240118061038807
"1756",0.0159140149872159,-0.00276919901517205
"1757",-0.0134339064371736,-0.0141524266690189
"1758",-0.0102472248580674,0.00438634739215987
"1759",-0.00900915851647274,-0.0172785677480711
"1760",-0.00419370198503888,-0.0203447138519632
"1761",-0.00700005690591908,0.00322346264274549
"1762",-0.013873250027393,0.0186254860934002
"1763",0.0148150437238329,-0.00317635917746344
"1764",-0.0145235152935505,-0.0032256797937787
"1765",0.017180251798018,0.0212190775078566
"1766",-0.00597245322279501,-0.01344849110818
"1767",-0.00847180423478642,0.00479444410107137
"1768",0.0126618964909343,0.0220573156943452
"1769",0.0310367614863029,0.00120647760517353
"1770",0.0136355951710038,-0.0179850223918383
"1771",-0.00960470881565263,-0.0158072004461374
"1772",0.0132214438682598,-0.00250991373342851
"1773",-0.00432260950132174,-0.020548590029619
"1774",0.021591353766152,-0.0105635672977263
"1775",-0.00874947630685155,0.00456823793093274
"1776",-0.0119219731236124,0.0112582376217487
"1777",0.0106433982185215,-0.0154006770777841
"1778",0.0118498609389606,0.024662757118878
"1779",0.01777865470222,0.0214931327731941
"1780",-0.0160396212436039,0.0167389041477348
"1781",-0.024773179021253,0.00579951441909475
"1782",-0.0108252646962003,-0.0122328641905258
"1783",-0.0238482188722081,0.00520010622794241
"1784",-0.0239730201018059,0.00479696989495038
"1785",0.0126342925495169,-0.0147190002812325
"1786",-0.0136305260650409,0.018398229282348
"1787",-0.00503497301280263,-0.0194188355803856
"1788",0.0147766495486626,-0.0200487283362015
"1789",0.0165376460772957,0.0216361516019733
"1790",-0.0144541181344888,-0.00349823439325455
"1791",-0.0142418057798414,-0.00100551066037706
"1792",0.0155220962883687,0.0174676065237353
"1793",-0.00507146620471135,-0.0194019691478283
"1794",0.0336770483400102,0.00552264040421574
"1795",-0.0147128108524876,-0.00435666078516281
"1796",-0.00828939846654639,-0.0169975002564247
"1797",-0.0132733154734294,-0.0101157735079867
